01	5.517	5.547	0.01 0.00 0	golden max_abs=inf relL2=inf exact=0
02	5.498	5.533	0.01 0.00 0	golden max_abs=inf relL2=inf exact=0
03	5.468	5.544	0.09 0.00 0	golden max_abs=inf relL2=inf exact=0
04	5.478	5.535	0.09 0.00 0	golden max_abs=inf relL2=inf exact=0
05	5.492	5.526	0.09 0.00 0	golden max_abs=inf relL2=inf exact=0
06	5.498	5.524	0.09 0.00 0	golden max_abs=inf relL2=inf exact=0
07	5.474	5.539	0.09 0.00 0	golden max_abs=inf relL2=inf exact=0
08	5.482	5.524	0.09 0.00 0	golden max_abs=inf relL2=inf exact=0
09	5.483	5.524	0.09 0.00 0	golden max_abs=inf relL2=inf exact=0
10	5.495	5.524	0.09 0.00 0	golden max_abs=inf relL2=inf exact=0
11	5.480	5.529	0.09 0.00 0	golden max_abs=inf relL2=inf exact=0
12	5.486	5.537	0.09 0.00 0	golden max_abs=inf relL2=inf exact=0
13	5.475	5.548	0.09 0.00 0	golden max_abs=inf relL2=inf exact=0
14	5.481	5.516	0.09 0.00 0	golden max_abs=inf relL2=inf exact=0
15	5.488	5.526	0.09 0.00 0	golden max_abs=inf relL2=inf exact=0
16	5.482	5.547	0.09 0.00 0	golden max_abs=inf relL2=inf exact=0
17	5.484	5.512	0.09 0.00 0	golden max_abs=inf relL2=inf exact=0
18	5.483	5.529	0.09 0.00 0	golden max_abs=inf relL2=inf exact=0
19	5.498	5.523	0.09 0.00 0	golden max_abs=inf relL2=inf exact=0
20	5.511	5.514	0.09 0.00 0	golden max_abs=inf relL2=inf exact=0
