01	4.126	4.194	0.09 0.00 0	golden inputs by name; run B swaps the files of x and z. A predicts rel L2 <= 0.02 on every output, B predicts more unless the graph is symmetric in the two (check with the fp16 MIL re-evaluation of the swap first)'}
02	4.128	4.169	0.09 0.00 0	golden inputs by name; run B swaps the files of x and z. A predicts rel L2 <= 0.02 on every output, B predicts more unless the graph is symmetric in the two (check with the fp16 MIL re-evaluation of the swap first)'}
03	4.130	4.196	0.09 0.00 0	golden inputs by name; run B swaps the files of x and z. A predicts rel L2 <= 0.02 on every output, B predicts more unless the graph is symmetric in the two (check with the fp16 MIL re-evaluation of the swap first)'}
04	4.134	4.191	0.16 0.00 0	golden inputs by name; run B swaps the files of x and z. A predicts rel L2 <= 0.02 on every output, B predicts more unless the graph is symmetric in the two (check with the fp16 MIL re-evaluation of the swap first)'}
05	4.129	4.133	0.16 0.00 0	golden inputs by name; run B swaps the files of x and z. A predicts rel L2 <= 0.02 on every output, B predicts more unless the graph is symmetric in the two (check with the fp16 MIL re-evaluation of the swap first)'}
06	4.135	4.163	0.16 0.00 0	golden inputs by name; run B swaps the files of x and z. A predicts rel L2 <= 0.02 on every output, B predicts more unless the graph is symmetric in the two (check with the fp16 MIL re-evaluation of the swap first)'}
07	4.128	4.168	0.16 0.00 0	golden inputs by name; run B swaps the files of x and z. A predicts rel L2 <= 0.02 on every output, B predicts more unless the graph is symmetric in the two (check with the fp16 MIL re-evaluation of the swap first)'}
08	4.137	4.156	0.16 0.00 0	golden inputs by name; run B swaps the files of x and z. A predicts rel L2 <= 0.02 on every output, B predicts more unless the graph is symmetric in the two (check with the fp16 MIL re-evaluation of the swap first)'}
09	4.134	4.189	0.16 0.00 0	golden inputs by name; run B swaps the files of x and z. A predicts rel L2 <= 0.02 on every output, B predicts more unless the graph is symmetric in the two (check with the fp16 MIL re-evaluation of the swap first)'}
10	4.128	4.172	0.16 0.00 0	golden inputs by name; run B swaps the files of x and z. A predicts rel L2 <= 0.02 on every output, B predicts more unless the graph is symmetric in the two (check with the fp16 MIL re-evaluation of the swap first)'}
11	4.139	4.178	0.16 0.00 0	golden inputs by name; run B swaps the files of x and z. A predicts rel L2 <= 0.02 on every output, B predicts more unless the graph is symmetric in the two (check with the fp16 MIL re-evaluation of the swap first)'}
12	4.129	4.197	0.16 0.00 0	golden inputs by name; run B swaps the files of x and z. A predicts rel L2 <= 0.02 on every output, B predicts more unless the graph is symmetric in the two (check with the fp16 MIL re-evaluation of the swap first)'}
13	4.132	4.160	0.16 0.00 0	golden inputs by name; run B swaps the files of x and z. A predicts rel L2 <= 0.02 on every output, B predicts more unless the graph is symmetric in the two (check with the fp16 MIL re-evaluation of the swap first)'}
14	4.137	4.162	0.16 0.00 0	golden inputs by name; run B swaps the files of x and z. A predicts rel L2 <= 0.02 on every output, B predicts more unless the graph is symmetric in the two (check with the fp16 MIL re-evaluation of the swap first)'}
15	4.122	4.167	0.23 0.00 0	golden inputs by name; run B swaps the files of x and z. A predicts rel L2 <= 0.02 on every output, B predicts more unless the graph is symmetric in the two (check with the fp16 MIL re-evaluation of the swap first)'}
16	4.135	4.158	0.23 0.00 0	golden inputs by name; run B swaps the files of x and z. A predicts rel L2 <= 0.02 on every output, B predicts more unless the graph is symmetric in the two (check with the fp16 MIL re-evaluation of the swap first)'}
17	4.140	4.175	0.23 0.00 0	golden inputs by name; run B swaps the files of x and z. A predicts rel L2 <= 0.02 on every output, B predicts more unless the graph is symmetric in the two (check with the fp16 MIL re-evaluation of the swap first)'}
18	4.128	4.155	0.23 0.00 0	golden inputs by name; run B swaps the files of x and z. A predicts rel L2 <= 0.02 on every output, B predicts more unless the graph is symmetric in the two (check with the fp16 MIL re-evaluation of the swap first)'}
19	4.134	4.155	0.23 0.00 0	golden inputs by name; run B swaps the files of x and z. A predicts rel L2 <= 0.02 on every output, B predicts more unless the graph is symmetric in the two (check with the fp16 MIL re-evaluation of the swap first)'}
20	4.120	4.195	0.23 0.00 0	golden inputs by name; run B swaps the files of x and z. A predicts rel L2 <= 0.02 on every output, B predicts more unless the graph is symmetric in the two (check with the fp16 MIL re-evaluation of the swap first)'}
