block	min_ms	median_ms	calls	stamp
block-01.json	1.2110471725463867	1.546025276184082	20	ts=2026-10-02T19:45:12Z load=25.54 21.77 13.47
block-02.json	1.1889934539794922	1.3430118560791016	20	ts=2026-10-02T19:45:28Z load=22.38 21.34 13.51
block-03.json	1.1780261993408203	1.3070106506347656	20	ts=2026-10-02T19:45:44Z load=18.88 20.62 13.39
block-04.json	1.1980533599853516	1.2230873107910156	20	ts=2026-10-02T19:46:00Z load=21.46 21.11 13.69
block-05.json	1.1959075927734375	1.304030418395996	20	ts=2026-10-02T19:46:16Z load=21.89 21.22 13.85
block-06.json	1.201033592224121	1.3120174407958984	20	ts=2026-10-02T19:46:32Z load=23.70 21.65 14.14
block-07.json	1.194000244140625	1.3080835342407227	20	ts=2026-10-02T19:46:48Z load=25.06 22.08 14.46
block-08.json	1.1920928955078125	1.3059377670288086	20	ts=2026-10-02T19:47:04Z load=25.80 22.38 14.70
block-09.json	1.1899471282958984	1.219034194946289	20	ts=2026-10-02T19:47:21Z load=26.04 22.61 14.92
block-10.json	1.1980533599853516	1.2139081954956055	20	ts=2026-10-02T19:47:37Z load=25.90 22.74 15.10
block-11.json	1.1830329895019531	1.216888427734375	20	ts=2026-10-02T19:47:53Z load=24.96 22.71 15.22
block-12.json	1.1930465698242188	1.2279748916625977	20	ts=2026-10-02T19:48:09Z load=22.63 22.27 15.24
block-13.json	1.188039779663086	1.3169050216674805	20	ts=2026-10-02T19:48:25Z load=24.56 22.72 15.52
block-14.json	1.192927360534668	1.289963722229004	20	ts=2026-10-02T19:48:41Z load=26.02 23.14 15.79
block-15.json	1.1930465698242188	1.3118982315063477	20	ts=2026-10-02T19:48:57Z load=26.17 23.31 15.98
block-16.json	1.1889934539794922	1.225113868713379	20	ts=2026-10-02T19:49:13Z load=26.94 23.63 16.23
block-17.json	1.1970996856689453	1.3120174407958984	20	ts=2026-10-02T19:49:29Z load=27.31 23.93 16.50
block-18.json	1.1949539184570312	1.3080835342407227	20	ts=2026-10-02T19:49:45Z load=24.54 23.52 16.49
block-19.json	1.1919736862182617	1.2919902801513672	20	ts=2026-10-02T19:50:01Z load=22.49 23.09 16.46
block-20.json	1.1990070343017578	1.3020038604736328	20	ts=2026-10-02T19:50:17Z load=23.49 23.29 16.64
