p001	0	0	4.08	1.974
p001	0	1	2.21	0.544
p001	0	2	7.00	5.311
p001	0	3	2.09	0.534
p001	0	4	6.99	5.327
p001	0	5	2.08	0.521
p001	0	6	11.95	9.645
p001	0	7	2.11	0.545
p001	0	8	6.96	5.285
p001	0	9	2.01	0.526
p001	0	10	7.00	5.289
p001	0	11	2.03	0.522
p001	0	12	11.98	9.551
p001	0	13	2.10	0.543
p001	0	14	7.06	5.324
p001	0	15	2.14	0.525
p001	0	16	6.99	5.257
p001	0	17	2.17	0.524
p001	0	18	12.28	9.648
p001	0	19	2.25	0.529
p001	0	20	4.26	3.833
p001	0	21	3.71	2.016
p001	0	22	2.29	0.536
p001	0	23	7.16	5.327
p001	0	24	2.23	0.537
p001	0	25	12.26	9.578
p001	0	26	2.35	0.546
p001	0	27	7.18	5.341
p001	0	28	2.29	0.525
p001	0	29	7.15	5.314
p001	0	30	2.32	0.533
p001	0	31	12.24	9.593
p001	0	32	2.41	0.55
p001	0	33	7.16	5.325
p001	0	34	2.34	0.528
p001	0	35	7.12	5.317
p001	0	36	2.29	0.539
p001	0	37	8.99	7.984
p001	1	0	3.50	2.012
p001	1	1	1.85	0.534
p001	1	2	6.71	5.314
p001	1	3	1.85	0.539
p001	1	4	6.69	5.34
p001	1	5	1.84	0.548
p001	1	6	11.52	9.649
p001	1	7	1.87	0.539
p001	1	8	6.60	5.309
p001	1	9	1.87	0.54
p001	1	10	6.60	5.26
p001	1	11	1.88	0.545
p001	1	12	11.41	9.583
p001	1	13	1.83	0.522
p001	1	14	6.62	5.313
p001	1	15	1.85	0.539
p001	1	16	6.64	5.309
p001	1	17	1.84	0.536
p001	1	18	11.45	9.565
p001	1	19	1.78	0.527
p001	1	20	4.11	3.83
p001	1	21	3.28	2.016
p001	1	22	1.84	0.542
p001	1	23	6.59	5.269
p001	1	24	1.85	0.555
p001	1	25	11.41	9.562
p001	1	26	1.80	0.519
p001	1	27	6.78	5.308
p001	1	28	1.96	0.526
p001	1	29	6.69	5.309
p001	1	30	1.84	0.541
p001	1	31	11.45	9.667
p001	1	32	1.82	0.516
p001	1	33	6.67	5.316
p001	1	34	1.84	0.541
p001	1	35	6.61	5.307
p001	1	36	1.78	0.538
p001	1	37	8.72	8.01
p001	2	0	3.71	2.023
p001	2	1	1.99	0.547
p001	2	2	6.72	5.316
p001	2	3	1.84	0.54
p001	2	4	6.68	5.308
p001	2	5	1.83	0.544
p001	2	6	11.53	9.596
p001	2	7	1.94	0.539
p001	2	8	6.57	5.258
p001	2	9	1.89	0.538
p001	2	10	6.69	5.312
p001	2	11	1.85	0.544
p001	2	12	11.43	9.579
p001	2	13	1.88	0.532
p001	2	14	6.64	5.313
p001	2	15	1.79	0.525
p001	2	16	6.69	5.313
p001	2	17	1.90	0.541
p001	2	18	11.47	9.579
p001	2	19	1.86	0.534
p001	2	20	4.12	3.815
p001	2	21	3.28	2.007
p001	2	22	1.89	0.545
p001	2	23	6.64	5.31
p001	2	24	1.87	0.547
p001	2	25	11.55	9.669
p001	2	26	1.88	0.532
p001	2	27	6.63	5.262
p001	2	28	1.86	0.547
p001	2	29	6.65	5.313
p001	2	30	1.86	0.539
p001	2	31	11.35	9.569
p001	2	32	1.78	0.528
p001	2	33	6.63	5.313
p001	2	34	1.84	0.54
p001	2	35	6.65	5.329
p001	2	36	1.78	0.532
p001	2	37	8.79	8.08
p001	3	0	3.32	2.011
p001	3	1	1.82	0.547
p001	3	2	6.67	5.319
p001	3	3	1.79	0.547
p001	3	4	6.67	5.327
p001	3	5	1.76	0.529
p001	3	6	11.56	9.665
p001	3	7	1.87	0.538
p001	3	8	6.57	5.31
p001	3	9	1.84	0.549
p001	3	10	6.58	5.263
p001	3	11	1.84	0.532
p001	3	12	11.39	9.571
p001	3	13	1.84	0.525
p001	3	14	6.59	5.311
p001	3	15	1.83	0.532
p001	3	16	6.59	5.271
p001	3	17	1.86	0.54
p001	3	18	11.42	9.574
p001	3	19	1.85	0.533
p001	3	20	4.08	3.816
p001	3	21	3.27	2.005
p001	3	22	1.83	0.545
p001	3	23	6.64	5.316
p001	3	24	1.87	0.543
p001	3	25	11.42	9.571
p001	3	26	1.86	0.537
p001	3	27	6.65	5.307
p001	3	28	1.78	0.541
p001	3	29	6.60	5.289
p001	3	30	1.86	0.555
p001	3	31	11.45	9.666
p001	3	32	1.83	0.517
p001	3	33	6.63	5.312
p001	3	34	1.86	0.538
p001	3	35	6.63	5.316
p001	3	36	1.82	0.541
p001	3	37	8.77	8.089
p001	4	0	3.42	2.017
p001	4	1	1.87	0.534
p001	4	2	6.64	5.307
p001	4	3	1.87	0.539
p001	4	4	6.60	5.236
p001	4	5	1.83	0.526
p001	4	6	11.46	9.607
p001	4	7	1.93	0.542
p001	4	8	6.60	5.311
p001	4	9	1.87	0.541
p001	4	10	6.57	5.25
p001	4	11	1.88	0.551
p001	4	12	11.41	9.564
p001	4	13	1.84	0.526
p001	4	14	6.61	5.304
p001	4	15	1.87	0.537
p001	4	16	6.66	5.316
p001	4	17	1.85	0.54
p001	4	18	11.39	9.569
p001	4	19	1.80	0.529
p001	4	20	4.14	3.821
p001	4	21	3.28	2.011
p001	4	22	1.90	0.542
p001	4	23	6.61	5.265
p001	4	24	1.89	0.544
p001	4	25	11.48	9.566
p001	4	26	1.87	0.524
p001	4	27	6.64	5.307
p001	4	28	1.85	0.538
p001	4	29	6.64	5.308
p001	4	30	1.86	0.541
p001	4	31	11.36	9.613
p001	4	32	1.78	0.522
p001	4	33	6.66	5.313
p001	4	34	1.89	0.545
p001	4	35	6.66	5.322
p001	4	36	1.87	0.546
p001	4	37	8.74	8.018
p001	5	0	3.01	1.974
p001	5	1	1.42	0.542
p001	5	2	6.68	5.307
p001	5	3	1.89	0.545
p001	5	4	6.70	5.307
p001	5	5	1.89	0.542
p001	5	6	11.70	9.676
p001	5	7	1.87	0.537
p001	5	8	6.66	5.32
p001	5	9	1.86	0.551
p001	5	10	6.66	5.312
p001	5	11	1.90	0.548
p001	5	12	11.69	9.6
p001	5	13	2.16	0.558
p001	5	14	6.71	5.325
p001	5	15	1.96	0.545
p001	5	16	6.67	5.306
p001	5	17	1.87	0.547
p001	5	18	11.48	9.572
p001	5	19	1.83	0.534
p001	5	20	4.09	3.819
p001	5	21	3.28	2.011
p001	5	22	1.85	0.551
p001	5	23	6.59	5.256
p001	5	24	1.85	0.536
p001	5	25	11.43	9.574
p001	5	26	1.82	0.523
p001	5	27	6.66	5.31
p001	5	28	1.83	0.541
p001	5	29	6.64	5.331
p001	5	30	1.79	0.528
p001	5	31	11.37	9.579
p001	5	32	1.76	0.522
p001	5	33	6.64	5.308
p001	5	34	1.80	0.545
p001	5	35	6.56	5.262
p001	5	36	1.85	0.545
p001	5	37	8.72	8.022
p001	6	0	3.57	2.009
p001	6	1	2.00	0.539
p001	6	2	6.71	5.307
p001	6	3	1.93	0.539
p001	6	4	6.70	5.303
p001	6	5	1.81	0.54
p001	6	6	11.46	9.589
p001	6	7	1.79	0.531
p001	6	8	6.70	5.309
p001	6	9	1.82	0.534
p001	6	10	6.65	5.326
p001	6	11	1.86	0.538
p001	6	12	11.35	9.571
p001	6	13	1.83	0.534
p001	6	14	6.66	5.325
p001	6	15	1.92	0.531
p001	6	16	6.74	5.311
p001	6	17	1.89	0.543
p001	6	18	11.47	9.57
p001	6	19	1.82	0.531
p001	6	20	4.15	3.806
p001	6	21	3.28	2.006
p001	6	22	1.86	0.55
p001	6	23	6.66	5.311
p001	6	24	1.86	0.531
p001	6	25	11.52	9.588
p001	6	26	1.86	0.535
p001	6	27	6.71	5.264
p001	6	28	1.85	0.527
p001	6	29	6.75	5.31
p001	6	30	1.85	0.548
p001	6	31	11.48	9.649
p001	6	32	1.88	0.539
p001	6	33	6.68	5.309
p001	6	34	1.81	0.539
p001	6	35	6.70	5.318
p001	6	36	1.83	0.534
p001	6	37	8.76	8.043
p001	7	0	3.44	2.013
p001	7	1	1.88	0.545
p001	7	2	6.64	5.298
p001	7	3	1.89	0.552
p001	7	4	6.68	5.296
p001	7	5	1.88	0.543
p001	7	6	11.45	9.574
p001	7	7	1.87	0.526
p001	7	8	6.62	5.32
p001	7	9	1.83	0.538
p001	7	10	6.61	5.307
p001	7	11	1.79	0.535
p001	7	12	11.36	9.563
p001	7	13	1.86	0.526
p001	7	14	6.63	5.309
p001	7	15	1.88	0.556
p001	7	16	6.58	5.254
p001	7	17	1.88	0.548
p001	7	18	11.42	9.562
p001	7	19	1.85	0.529
p001	7	20	4.12	3.818
p001	7	21	3.28	2.003
p001	7	22	1.89	0.544
p001	7	23	6.62	5.271
p001	7	24	1.87	0.55
p001	7	25	11.43	9.566
p001	7	26	1.86	0.523
p001	7	27	6.65	5.308
p001	7	28	1.86	0.545
p001	7	29	6.61	5.27
p001	7	30	1.82	0.532
p001	7	31	11.45	9.666
p001	7	32	1.84	0.523
p001	7	33	6.62	5.313
p001	7	34	1.83	0.532
p001	7	35	6.63	5.308
p001	7	36	1.86	0.546
p001	7	37	8.79	8.081
p001	8	0	4.57	2.032
p001	8	1	3.06	0.547
p001	8	2	7.65	5.33
p001	8	3	2.88	0.548
p001	8	4	7.60	5.32
p001	8	5	2.85	0.549
p001	8	6	13.06	9.612
p001	8	7	2.90	0.563
p001	8	8	7.43	5.292
p001	8	9	2.82	0.547
p001	8	10	7.56	5.331
p001	8	11	2.79	0.549
p001	8	12	12.77	9.608
p001	8	13	2.64	0.544
p001	8	14	7.43	5.327
p001	8	15	2.73	0.55
p001	8	16	7.44	5.334
p001	8	17	2.75	0.549
p001	8	18	12.79	9.615
p001	8	19	2.84	0.539
p001	8	20	4.28	3.832
p001	8	21	4.05	2.022
p001	8	22	2.89	0.547
p001	8	23	7.57	5.329
p001	8	24	2.74	0.519
p001	8	25	12.81	9.605
p001	8	26	2.87	0.536
p001	8	27	7.52	5.324
p001	8	28	2.78	0.548
p001	8	29	7.45	5.287
p001	8	30	2.79	0.542
p001	8	31	12.74	9.601
p001	8	32	2.85	0.542
p001	8	33	7.48	5.322
p001	8	34	2.76	0.546
p001	8	35	7.50	5.324
p001	8	36	2.74	0.541
p001	8	37	9.23	8.1
p001	9	0	3.58	2.012
p001	9	1	1.97	0.532
p001	9	2	6.68	5.308
p001	9	3	1.91	0.542
p001	9	4	6.68	5.303
p001	9	5	1.81	0.539
p001	9	6	11.42	9.578
p001	9	7	1.79	0.528
p001	9	8	6.57	5.297
p001	9	9	1.79	0.535
p001	9	10	6.56	5.264
p001	9	11	1.86	0.536
p001	9	12	11.46	9.65
p001	9	13	1.85	0.528
p001	9	14	6.64	5.344
p001	9	15	1.80	0.524
p001	9	16	6.60	5.317
p001	9	17	1.86	0.533
p001	9	18	11.44	9.569
p001	9	19	1.81	0.518
p001	9	20	4.10	3.819
p001	9	21	3.24	2.015
p001	9	22	1.87	0.539
p001	9	23	6.62	5.332
p001	9	24	1.85	0.538
p001	9	25	11.51	9.643
p001	9	26	1.84	0.529
p001	9	27	6.66	5.319
p001	9	28	1.86	0.53
p001	9	29	6.63	5.313
p001	9	30	1.85	0.54
p001	9	31	11.36	9.572
p001	9	32	1.85	0.518
p001	9	33	6.63	5.311
p001	9	34	1.86	0.537
p001	9	35	6.62	5.31
p001	9	36	1.86	0.544
p001	9	37	8.75	8.03
p001	10	0	3.57	2.018
p001	10	1	2.05	0.54
p001	10	2	6.70	5.326
p001	10	3	1.88	0.535
p001	10	4	6.73	5.311
p001	10	5	1.89	0.548
p001	10	6	11.61	9.673
p001	10	7	1.86	0.531
p001	10	8	6.62	5.311
p001	10	9	1.87	0.55
p001	10	10	6.68	5.331
p001	10	11	1.83	0.55
p001	10	12	11.40	9.574
p001	10	13	1.86	0.534
p001	10	14	6.63	5.319
p001	10	15	1.84	0.531
p001	10	16	6.66	5.31
p001	10	17	1.85	0.536
p001	10	18	11.52	9.628
p001	10	19	1.90	0.533
p001	10	20	4.15	3.823
p001	10	21	3.33	2.02
p001	10	22	1.93	0.556
p001	10	23	6.64	5.307
p001	10	24	1.86	0.542
p001	10	25	11.46	9.571
p001	10	26	1.88	0.538
p001	10	27	6.88	5.323
p001	10	28	1.93	0.531
p001	10	29	6.70	5.311
p001	10	30	1.90	0.548
p001	10	31	11.44	9.573
p001	10	32	1.82	0.517
p001	10	33	6.64	5.309
p001	10	34	1.84	0.541
p001	10	35	6.59	5.311
p001	10	36	1.82	0.533
p001	10	37	8.77	8.074
p001	11	0	3.46	2.01
p001	11	1	1.94	0.532
p001	11	2	6.66	5.309
p001	11	3	1.87	0.533
p001	11	4	6.68	5.308
p001	11	5	1.82	0.549
p001	11	6	11.54	9.577
p001	11	7	1.93	0.544
p001	11	8	6.62	5.311
p001	11	9	1.83	0.539
p001	11	10	6.65	5.315
p001	11	11	1.88	0.549
p001	11	12	11.39	9.566
p001	11	13	1.84	0.528
p001	11	14	6.57	5.306
p001	11	15	1.85	0.532
p001	11	16	6.54	5.274
p001	11	17	1.93	0.54
p001	11	18	12.55	9.592
p001	11	19	3.11	0.532
p001	11	20	4.24	3.83
p001	11	21	4.11	2.015
p001	11	22	2.85	0.546
p001	11	23	7.50	5.323
p001	11	24	2.79	0.547
p001	11	25	12.82	9.617
p001	11	26	2.87	0.541
p001	11	27	7.58	5.328
p001	11	28	2.91	0.523
p001	11	29	7.63	5.333
p001	11	30	2.83	0.548
p001	11	31	12.77	9.605
p001	11	32	2.80	0.538
p001	11	33	7.52	5.325
p001	11	34	2.80	0.538
p001	11	35	7.47	5.328
p001	11	36	2.74	0.549
p001	11	37	9.20	8.081
p001	12	0	3.34	1.978
p001	12	1	1.73	0.535
p001	12	2	6.46	5.344
p001	12	3	1.65	0.548
p001	12	4	6.48	5.288
p001	12	5	1.76	0.534
p001	12	6	11.57	9.623
p001	12	7	1.82	0.525
p001	12	8	6.79	5.256
p001	12	9	2.21	0.545
p001	12	10	6.96	5.254
p001	12	11	2.12	0.529
p001	12	12	11.97	9.584
p001	12	13	2.18	0.545
p001	12	14	7.26	5.274
p001	12	15	2.59	0.531
p001	12	16	7.53	5.337
p001	12	17	2.72	0.539
p001	12	18	12.77	9.619
p001	12	19	2.77	0.537
p001	12	20	4.22	3.834
p001	12	21	4.04	2.016
p001	12	22	2.72	0.552
p001	12	23	7.40	5.327
p001	12	24	2.77	0.546
p001	12	25	12.63	9.606
p001	12	26	2.65	0.531
p001	12	27	7.46	5.328
p001	12	28	2.73	0.548
p001	12	29	7.47	5.335
p001	12	30	2.66	0.532
p001	12	31	12.54	9.6
p001	12	32	2.78	0.539
p001	12	33	7.47	5.332
p001	12	34	2.70	0.545
p001	12	35	7.47	5.329
p001	12	36	2.68	0.548
p001	12	37	9.20	8.107
p001	13	0	2.83	1.982
p001	13	1	1.23	0.52
p001	13	2	6.05	5.283
p001	13	3	1.20	0.532
p001	13	4	6.11	5.285
p001	13	5	1.35	0.526
p001	13	6	10.97	9.635
p001	13	7	1.53	0.552
p001	13	8	6.40	5.342
p001	13	9	1.50	0.546
p001	13	10	6.39	5.323
p001	13	11	1.60	0.536
p001	13	12	11.42	9.647
p001	13	13	1.82	0.534
p001	13	14	6.65	5.326
p001	13	15	1.86	0.539
p001	13	16	6.67	5.306
p001	13	17	1.87	0.55
p001	13	18	11.40	9.567
p001	13	19	1.88	0.519
p001	13	20	4.11	3.821
p001	13	21	3.30	2.017
p001	13	22	1.85	0.534
p001	13	23	6.61	5.262
p001	13	24	1.87	0.54
p001	13	25	11.55	9.671
p001	13	26	1.83	0.524
p001	13	27	6.65	5.311
p001	13	28	1.84	0.539
p001	13	29	6.64	5.316
p001	13	30	1.85	0.543
p001	13	31	11.44	9.638
p001	13	32	1.89	0.52
p001	13	33	6.63	5.307
p001	13	34	1.90	0.536
p001	13	35	6.60	5.26
p001	13	36	1.86	0.544
p001	13	37	8.82	8.09
p001	14	0	2.99	1.954
p001	14	1	1.37	0.54
p001	14	2	6.17	5.269
p001	14	3	1.30	0.529
p001	14	4	6.29	5.318
p001	14	5	1.53	0.543
p001	14	6	11.05	9.598
p001	14	7	1.55	0.551
p001	14	8	6.50	5.274
p001	14	9	1.84	0.533
p001	14	10	6.62	5.261
p001	14	11	1.80	0.546
p001	14	12	11.42	9.569
p001	14	13	1.85	0.527
p001	14	14	6.65	5.31
p001	14	15	1.84	0.538
p001	14	16	6.67	5.309
p001	14	17	1.91	0.55
p001	14	18	11.46	9.584
p001	14	19	1.85	0.524
p001	14	20	4.13	3.844
p001	14	21	3.29	2.008
p001	14	22	1.85	0.55
p001	14	23	6.62	5.262
p001	14	24	1.87	0.539
p001	14	25	11.45	9.627
p001	14	26	1.79	0.527
p001	14	27	6.69	5.324
p001	14	28	1.87	0.538
p001	14	29	6.61	5.282
p001	14	30	1.86	0.554
p001	14	31	11.38	9.576
p001	14	32	1.83	0.521
p001	14	33	6.65	5.311
p001	14	34	1.88	0.539
p001	14	35	6.69	5.314
p001	14	36	1.89	0.548
p001	14	37	8.77	8.076
p001	15	0	3.13	1.998
p001	15	1	1.69	0.534
p001	15	2	6.49	5.268
p001	15	3	1.82	0.548
p001	15	4	6.70	5.333
p001	15	5	1.90	0.537
p001	15	6	11.59	9.676
p001	15	7	1.85	0.535
p001	15	8	6.66	5.313
p001	15	9	1.86	0.531
p001	15	10	6.65	5.31
p001	15	11	1.85	0.536
p001	15	12	11.38	9.566
p001	15	13	1.90	0.526
p001	15	14	6.64	5.291
p001	15	15	1.86	0.533
p001	15	16	6.63	5.262
p001	15	17	1.80	0.546
p001	15	18	11.40	9.564
p001	15	19	1.83	0.522
p001	15	20	4.09	3.82
p001	15	21	3.28	2.021
p001	15	22	1.85	0.539
p001	15	23	6.65	5.312
p001	15	24	1.84	0.539
p001	15	25	11.42	9.571
p001	15	26	1.85	0.535
p001	15	27	6.68	5.312
p001	15	28	1.85	0.544
p001	15	29	6.65	5.32
p001	15	30	1.85	0.546
p001	15	31	11.38	9.577
p001	15	32	1.84	0.519
p001	15	33	6.65	5.312
p001	15	34	1.87	0.543
p001	15	35	6.61	5.309
p001	15	36	1.90	0.54
p001	15	37	8.75	8.038
p001	16	0	3.49	2.009
p001	16	1	1.99	0.543
p001	16	2	6.70	5.309
p001	16	3	1.82	0.548
p001	16	4	6.68	5.313
p001	16	5	1.88	0.543
p001	16	6	11.44	9.592
p001	16	7	1.80	0.524
p001	16	8	6.65	5.312
p001	16	9	1.85	0.539
p001	16	10	6.65	5.301
p001	16	11	1.83	0.532
p001	16	12	11.53	9.666
p001	16	13	1.86	0.532
p001	16	14	6.64	5.312
p001	16	15	1.84	0.536
p001	16	16	6.66	5.308
p001	16	17	1.88	0.532
p001	16	18	11.47	9.578
p001	16	19	1.86	0.529
p001	16	20	4.11	3.824
p001	16	21	3.29	2.009
p001	16	22	1.84	0.54
p001	16	23	6.64	5.313
p001	16	24	1.86	0.54
p001	16	25	11.49	9.594
p001	16	26	1.84	0.534
p001	16	27	6.67	5.306
p001	16	28	1.85	0.538
p001	16	29	6.67	5.332
p001	16	30	1.85	0.547
p001	16	31	11.38	9.574
p001	16	32	1.84	0.528
p001	16	33	6.62	5.306
p001	16	34	1.85	0.537
p001	16	35	6.58	5.256
p001	16	36	1.87	0.534
p001	16	37	8.71	8.026
p001	17	0	3.51	2.013
p001	17	1	2.00	0.541
p001	17	2	6.70	5.317
p001	17	3	1.87	0.535
p001	17	4	6.67	5.315
p001	17	5	1.81	0.538
p001	17	6	11.55	9.628
p001	17	7	1.80	0.532
p001	17	8	6.67	5.332
p001	17	9	1.87	0.538
p001	17	10	6.64	5.268
p001	17	11	1.86	0.542
p001	17	12	11.50	9.649
p001	17	13	1.85	0.528
p001	17	14	6.67	5.305
p001	17	15	1.84	0.531
p001	17	16	6.65	5.306
p001	17	17	1.87	0.539
p001	17	18	11.44	9.573
p001	17	19	1.84	0.523
p001	17	20	4.12	3.822
p001	17	21	3.28	2.015
p001	17	22	1.85	0.538
p001	17	23	6.63	5.298
p001	17	24	1.88	0.548
p001	17	25	11.44	9.569
p001	17	26	1.84	0.531
p001	17	27	6.67	5.313
p001	17	28	1.85	0.517
p001	17	29	6.61	5.263
p001	17	30	1.86	0.545
p001	17	31	11.38	9.576
p001	17	32	1.86	0.523
p001	17	33	6.63	5.313
p001	17	34	1.84	0.529
p001	17	35	6.59	5.262
p001	17	36	1.87	0.53
p001	17	37	8.71	8.028
p001	18	0	3.63	2.019
p001	18	1	2.13	0.545
p001	18	2	6.77	5.288
p001	18	3	2.04	0.525
p001	18	4	7.07	5.331
p001	18	5	2.42	0.527
p001	18	6	12.33	9.578
p001	18	7	2.42	0.547
p001	18	8	7.14	5.329
p001	18	9	2.36	0.541
p001	18	10	7.15	5.321
p001	18	11	2.30	0.534
p001	18	12	12.33	9.57
p001	18	13	2.50	0.522
p001	18	14	7.17	5.317
p001	18	15	2.42	0.547
p001	18	16	7.16	5.316
p001	18	17	2.51	0.539
p001	18	18	12.34	9.582
p001	18	19	2.46	0.533
p001	18	20	4.24	3.821
p001	18	21	3.74	2.016
p001	18	22	2.48	0.531
p001	18	23	7.25	5.316
p001	18	24	2.44	0.542
p001	18	25	12.31	9.574
p001	18	26	2.40	0.528
p001	18	27	7.17	5.312
p001	18	28	2.35	0.539
p001	18	29	7.16	5.314
p001	18	30	2.38	0.528
p001	18	31	12.30	9.577
p001	18	32	2.53	0.532
p001	18	33	7.17	5.319
p001	18	34	2.60	0.54
p001	18	35	7.15	5.319
p001	18	36	2.50	0.541
p001	18	37	9.09	8.095
p001	19	0	3.64	2.013
p001	19	1	2.06	0.532
p001	19	2	6.78	5.309
p001	19	3	1.96	0.542
p001	19	4	6.75	5.314
p001	19	5	1.94	0.542
p001	19	6	11.72	9.673
p001	19	7	1.96	0.539
p001	19	8	6.69	5.258
p001	19	9	1.94	0.537
p001	19	10	6.85	5.322
p001	19	11	2.17	0.528
p001	19	12	11.62	9.579
p001	19	13	1.84	0.532
p001	19	14	6.66	5.263
p001	19	15	1.89	0.533
p001	19	16	6.69	5.312
p001	19	17	1.93	0.538
p001	19	18	11.61	9.672
p001	19	19	1.83	0.535
p001	19	20	4.11	3.825
p001	19	21	3.39	2.013
p001	19	22	1.97	0.545
p001	19	23	6.68	5.33
p001	19	24	1.88	0.545
p001	19	25	12.67	9.694
p001	19	26	3.09	0.545
p001	19	27	7.55	5.248
p001	19	28	2.82	0.554
p001	19	29	7.56	5.342
p001	19	30	2.86	0.547
p001	19	31	12.82	9.604
p001	19	32	2.85	0.54
p001	19	33	7.53	5.327
p001	19	34	2.83	0.549
p001	19	35	7.57	5.334
p001	19	36	2.79	0.541
p001	19	37	9.28	8.112
p001	20	0	4.24	2.007
p001	20	1	2.91	0.548
p001	20	2	7.61	5.329
p001	20	3	2.70	0.54
p001	20	4	7.74	5.33
p001	20	5	2.74	0.534
p001	20	6	12.86	9.659
p001	20	7	2.79	0.542
p001	20	8	7.50	5.33
p001	20	9	2.72	0.538
p001	20	10	7.55	5.329
p001	20	11	2.73	0.548
p001	20	12	12.70	9.606
p001	20	13	2.78	0.541
p001	20	14	7.55	5.337
p001	20	15	2.65	0.53
p001	20	16	7.54	5.329
p001	20	17	2.63	0.547
p001	20	18	12.74	9.612
p001	20	19	2.71	0.539
p001	20	20	4.26	3.835
p001	20	21	4.07	2.013
p001	20	22	2.75	0.545
p001	20	23	7.49	5.33
p001	20	24	2.62	0.537
p001	20	25	12.71	9.605
p001	20	26	2.76	0.543
p001	20	27	7.62	5.34
p001	20	28	2.71	0.545
p001	20	29	7.49	5.334
p001	20	30	2.59	0.544
p001	20	31	12.51	9.615
p001	20	32	2.75	0.535
p001	20	33	7.59	5.331
p001	20	34	2.77	0.547
p001	20	35	7.46	5.33
p001	20	36	2.73	0.541
p001	20	37	9.23	8.108
p001	21	0	4.49	2.021
p001	21	1	2.76	0.515
p001	21	2	7.58	5.329
p001	21	3	2.65	0.54
p001	21	4	7.60	5.361
p001	21	5	2.66	0.53
p001	21	6	12.77	9.601
p001	21	7	2.71	0.542
p001	21	8	7.51	5.326
p001	21	9	2.65	0.54
p001	21	10	7.57	5.334
p001	21	11	2.66	0.521
p001	21	12	12.67	9.605
p001	21	13	2.70	0.531
p001	21	14	7.56	5.329
p001	21	15	2.72	0.534
p001	21	16	7.54	5.327
p001	21	17	2.64	0.544
p001	21	18	12.71	9.6
p001	21	19	2.71	0.532
p001	21	20	4.23	3.833
p001	21	21	4.07	2.014
p001	21	22	2.68	0.546
p001	21	23	7.50	5.328
p001	21	24	2.64	0.549
p001	21	25	12.64	9.61
p001	21	26	2.66	0.539
p001	21	27	7.47	5.326
p001	21	28	2.67	0.55
p001	21	29	7.44	5.336
p001	21	30	2.68	0.546
p001	21	31	12.38	9.562
p001	21	32	2.87	0.525
p001	21	33	7.69	5.335
p001	21	34	2.87	0.528
p001	21	35	7.63	5.331
p001	21	36	2.76	0.539
p001	21	37	9.19	8.102
p001	22	0	4.19	2.032
p001	22	1	2.78	0.537
p001	22	2	7.68	5.33
p001	22	3	2.66	0.549
p001	22	4	7.70	5.326
p001	22	5	2.87	0.527
p001	22	6	12.79	9.609
p001	22	7	2.91	0.542
p001	22	8	7.59	5.334
p001	22	9	2.82	0.525
p001	22	10	7.74	5.331
p001	22	11	2.82	0.547
p001	22	12	12.69	9.599
p001	22	13	2.88	0.53
p001	22	14	7.56	5.325
p001	22	15	2.82	0.542
p001	22	16	7.56	5.336
p001	22	17	2.82	0.537
p001	22	18	12.76	9.604
p001	22	19	2.76	0.528
p001	22	20	4.25	3.834
p001	22	21	4.23	2.017
p001	22	22	2.84	0.547
p001	22	23	7.65	5.322
p001	22	24	2.77	0.525
p001	22	25	12.69	9.601
p001	22	26	2.75	0.546
p001	22	27	7.54	5.335
p001	22	28	2.76	0.547
p001	22	29	7.54	5.294
p001	22	30	2.82	0.545
p001	22	31	12.59	9.602
p001	22	32	2.84	0.534
p001	22	33	7.49	5.324
p001	22	34	2.74	0.549
p001	22	35	7.54	5.334
p001	22	36	2.72	0.533
p001	22	37	9.26	8.102
p001	23	0	4.11	2.019
p001	23	1	2.95	0.556
p001	23	2	7.57	5.336
p001	23	3	2.60	0.54
p001	23	4	7.51	5.329
p001	23	5	2.69	0.54
p001	23	6	12.77	9.609
p001	23	7	2.74	0.538
p001	23	8	7.54	5.349
p001	23	9	2.63	0.549
p001	23	10	7.66	5.33
p001	23	11	3.00	0.523
p001	23	12	12.85	9.6
p001	23	13	2.96	0.549
p001	23	14	7.63	5.281
p001	23	15	2.86	0.526
p001	23	16	7.54	5.329
p001	23	17	2.66	0.54
p001	23	18	12.75	9.61
p001	23	19	2.81	0.546
p001	23	20	4.24	3.832
p001	23	21	4.09	2.017
p001	23	22	2.77	0.549
p001	23	23	7.47	5.328
p001	23	24	2.78	0.545
p001	23	25	12.75	9.61
p001	23	26	2.83	0.534
p001	23	27	7.56	5.338
p001	23	28	2.68	0.542
p001	23	29	7.50	5.332
p001	23	30	2.58	0.54
p001	23	31	12.58	9.602
p001	23	32	2.84	0.533
p001	23	33	7.50	5.332
p001	23	34	2.68	0.538
p001	23	35	7.43	5.326
p001	23	36	2.59	0.545
p001	23	37	9.25	8.105
p001	24	0	3.49	2.021
p001	24	1	1.96	0.542
p001	24	2	6.60	5.268
p001	24	3	1.87	0.542
p001	24	4	6.62	5.26
p001	24	5	1.85	0.538
p001	24	6	11.51	9.594
p001	24	7	1.85	0.534
p001	24	8	6.67	5.3
p001	24	9	1.87	0.543
p001	24	10	6.66	5.312
p001	24	11	1.86	0.551
p001	24	12	11.43	9.583
p001	24	13	1.84	0.529
p001	24	14	6.65	5.31
p001	24	15	1.87	0.544
p001	24	16	6.68	5.311
p001	24	17	1.86	0.546
p001	24	18	11.44	9.567
p001	24	19	1.80	0.531
p001	24	20	4.10	3.817
p001	24	21	3.28	2.015
p001	24	22	1.86	0.542
p001	24	23	6.59	5.257
p001	24	24	1.90	0.54
p001	24	25	11.44	9.568
p001	24	26	1.85	0.535
p001	24	27	6.66	5.309
p001	24	28	1.84	0.544
p001	24	29	6.63	5.316
p001	24	30	1.79	0.538
p001	24	31	11.36	9.578
p001	24	32	1.82	0.519
p001	24	33	6.64	5.309
p001	24	34	1.84	0.536
p001	24	35	6.63	5.31
p001	24	36	1.84	0.548
p001	24	37	8.78	8.096
p001	25	0	3.50	1.92
p001	25	1	2.00	0.548
p001	25	2	6.60	5.255
p001	25	3	1.88	0.544
p001	25	4	6.65	5.264
p001	25	5	1.91	0.549
p001	25	6	11.61	9.673
p001	25	7	1.83	0.534
p001	25	8	6.65	5.299
p001	25	9	1.87	0.532
p001	25	10	6.67	5.315
p001	25	11	1.84	0.549
p001	25	12	11.44	9.593
p001	25	13	1.82	0.539
p001	25	14	6.66	5.332
p001	25	15	1.80	0.539
p001	25	16	6.63	5.262
p001	25	17	1.80	0.526
p001	25	18	11.39	9.586
p001	25	19	1.78	0.524
p001	25	20	4.09	3.819
p001	25	21	3.27	2.009
p001	25	22	1.80	0.539
p001	25	23	6.59	5.262
p001	25	24	1.82	0.527
p001	25	25	11.47	9.574
p001	25	26	1.80	0.531
p001	25	27	6.66	5.31
p001	25	28	1.84	0.535
p001	25	29	6.68	5.318
p001	25	30	1.84	0.54
p001	25	31	11.42	9.581
p001	25	32	1.83	0.525
p001	25	33	6.68	5.327
p001	25	34	1.85	0.537
p001	25	35	6.63	5.326
p001	25	36	1.85	0.535
p001	25	37	8.77	8.087
p001	26	0	3.66	2.017
p001	26	1	1.98	0.542
p001	26	2	6.75	5.31
p001	26	3	1.99	0.54
p001	26	4	6.70	5.31
p001	26	5	1.90	0.529
p001	26	6	11.60	9.584
p001	26	7	1.95	0.538
p001	26	8	6.74	5.318
p001	26	9	1.96	0.533
p001	26	10	6.68	5.262
p001	26	11	1.93	0.548
p001	26	12	11.57	9.626
p001	26	13	1.93	0.532
p001	26	14	6.74	5.315
p001	26	15	1.93	0.542
p001	26	16	6.73	5.317
p001	26	17	1.95	0.542
p001	26	18	11.54	9.57
p001	26	19	1.96	0.543
p001	26	20	4.13	3.836
p001	26	21	3.33	2.009
p001	26	22	1.94	0.545
p001	26	23	6.74	5.327
p001	26	24	1.96	0.535
p001	26	25	11.57	9.6
p001	26	26	1.92	0.536
p001	26	27	6.77	5.323
p001	26	28	1.94	0.548
p001	26	29	6.74	5.319
p001	26	30	1.93	0.54
p001	26	31	11.40	9.577
p001	26	32	1.92	0.522
p001	26	33	6.78	5.319
p001	26	34	1.93	0.52
p001	26	35	6.69	5.309
p001	26	36	1.93	0.542
p001	26	37	8.81	8.091
