01	4.136	4.152	0.47 0.00 20 1073.95	y golden max_abs=0.00390625 relL2=0.0002688622 exact=0.893621	d95bd62bf7729f2c
02	4.129	4.192	0.47 0.00 0 1074.49	y golden max_abs=0.00390625 relL2=0.0002688622 exact=0.893621	d95bd62bf7729f2c
03	4.137	4.153	0.47 0.00 0 1075.00	y golden max_abs=0.00390625 relL2=0.0002688622 exact=0.893621	d95bd62bf7729f2c
04	4.133	4.156	0.43 0.00 10 1085.55	y golden max_abs=0.00390625 relL2=0.0002688622 exact=0.893621	d95bd62bf7729f2c
05	4.118	4.170	0.43 0.00 0 1086.05	y golden max_abs=0.00390625 relL2=0.0002688622 exact=0.893621	d95bd62bf7729f2c
06	4.117	4.181	0.43 0.00 0 1086.51	y golden max_abs=0.00390625 relL2=0.0002688622 exact=0.893621	d95bd62bf7729f2c
07	4.137	4.156	0.43 0.00 0 1087.05	y golden max_abs=0.00390625 relL2=0.0002688622 exact=0.893621	d95bd62bf7729f2c
08	4.135	4.154	0.43 0.00 0 1087.59	y golden max_abs=0.00390625 relL2=0.0002688622 exact=0.893621	d95bd62bf7729f2c
09	4.107	4.143	0.43 0.00 0 1088.13	y golden max_abs=0.00390625 relL2=0.0002688622 exact=0.893621	d95bd62bf7729f2c
10	4.133	4.154	0.43 0.00 0 1088.61	y golden max_abs=0.00390625 relL2=0.0002688622 exact=0.893621	d95bd62bf7729f2c
11	4.111	4.143	0.43 0.00 0 1089.20	y golden max_abs=0.00390625 relL2=0.0002688622 exact=0.893621	d95bd62bf7729f2c
12	4.130	4.187	0.43 0.00 0 1089.69	y golden max_abs=0.00390625 relL2=0.0002688622 exact=0.893621	d95bd62bf7729f2c
13	4.104	4.142	0.43 0.00 0 1090.21	y golden max_abs=0.00390625 relL2=0.0002688622 exact=0.893621	d95bd62bf7729f2c
14	4.129	4.204	0.48 0.00 0 1090.69	y golden max_abs=0.00390625 relL2=0.0002688622 exact=0.893621	d95bd62bf7729f2c
15	4.129	4.164	0.48 0.00 0 1091.19	y golden max_abs=0.00390625 relL2=0.0002688622 exact=0.893621	d95bd62bf7729f2c
16	4.126	4.152	0.48 0.00 0 1091.73	y golden max_abs=0.00390625 relL2=0.0002688622 exact=0.893621	d95bd62bf7729f2c
17	4.136	4.152	0.48 0.00 0 1092.25	y golden max_abs=0.00390625 relL2=0.0002688622 exact=0.893621	d95bd62bf7729f2c
18	4.138	4.157	0.48 0.00 0 1092.79	y golden max_abs=0.00390625 relL2=0.0002688622 exact=0.893621	d95bd62bf7729f2c
19	4.118	4.150	0.48 0.00 0 1093.30	y golden max_abs=0.00390625 relL2=0.0002688622 exact=0.893621	d95bd62bf7729f2c
20	4.129	4.164	0.48 0.00 0 1093.79	y golden max_abs=0.00390625 relL2=0.0002688622 exact=0.893621	d95bd62bf7729f2c
