01	5.452	5.510	0.48 0.00 0 1094.36	y63 golden max_abs=inf relL2=inf exact=0	103f96b29b08c210
02	5.475	5.514	0.48 0.00 0 1094.64	y63 golden max_abs=inf relL2=inf exact=0	103f96b29b08c210
03	5.460	5.511	0.48 0.00 0 1094.97	y63 golden max_abs=inf relL2=inf exact=0	103f96b29b08c210
04	5.447	5.512	0.44 0.00 10 1105.28	y63 golden max_abs=inf relL2=inf exact=0	103f96b29b08c210
05	5.489	5.514	0.44 0.00 0 1105.57	y63 golden max_abs=inf relL2=inf exact=0	103f96b29b08c210
06	5.490	5.526	0.44 0.00 0 1105.87	y63 golden max_abs=inf relL2=inf exact=0	103f96b29b08c210
07	5.448	5.526	0.44 0.00 0 1106.16	y63 golden max_abs=inf relL2=inf exact=0	103f96b29b08c210
08	5.459	5.509	0.44 0.00 0 1106.43	y63 golden max_abs=inf relL2=inf exact=0	103f96b29b08c210
09	5.452	5.524	0.44 0.00 0 1106.70	y63 golden max_abs=inf relL2=inf exact=0	103f96b29b08c210
10	5.453	5.511	0.44 0.00 0 1106.97	y63 golden max_abs=inf relL2=inf exact=0	103f96b29b08c210
11	5.456	5.526	0.44 0.00 0 1107.25	y63 golden max_abs=inf relL2=inf exact=0	103f96b29b08c210
12	5.471	5.527	0.44 0.00 0 1107.56	y63 golden max_abs=inf relL2=inf exact=0	103f96b29b08c210
13	5.460	5.527	0.44 0.00 0 1107.84	y63 golden max_abs=inf relL2=inf exact=0	103f96b29b08c210
14	5.446	5.522	0.44 0.00 0 1108.10	y63 golden max_abs=inf relL2=inf exact=0	103f96b29b08c210
15	5.486	5.523	0.44 0.00 0 1108.40	y63 golden max_abs=inf relL2=inf exact=0	103f96b29b08c210
16	5.446	5.524	0.44 0.00 0 1108.70	y63 golden max_abs=inf relL2=inf exact=0	103f96b29b08c210
17	5.484	5.522	0.44 0.00 0 1108.99	y63 golden max_abs=inf relL2=inf exact=0	103f96b29b08c210
18	5.452	5.520	0.44 0.00 0 1109.27	y63 golden max_abs=inf relL2=inf exact=0	103f96b29b08c210
19	5.448	5.526	0.44 0.00 0 1109.55	y63 golden max_abs=inf relL2=inf exact=0	103f96b29b08c210
20	5.478	5.512	0.44 0.00 0 1109.83	y63 golden max_abs=inf relL2=inf exact=0	103f96b29b08c210
