01	254.280	254.409	0.04 0.00 0 425.45	linear_217_cast_fp16 golden max_abs=0 relL2=0 exact=1	fca96f1355485ec3
02	254.242	254.446	0.06 0.00 40 470.31	linear_217_cast_fp16 golden max_abs=0 relL2=0 exact=1	fca96f1355485ec3
03	254.258	254.343	0.08 0.00 30 505.14	linear_217_cast_fp16 golden max_abs=0 relL2=0 exact=1	fca96f1355485ec3
04	254.273	254.408	0.08 0.00 0 509.96	linear_217_cast_fp16 golden max_abs=0 relL2=0 exact=1	fca96f1355485ec3
05	254.219	254.390	0.09 0.00 30 544.78	linear_217_cast_fp16 golden max_abs=0 relL2=0 exact=1	fca96f1355485ec3
06	254.254	254.397	0.10 0.00 30 579.62	linear_217_cast_fp16 golden max_abs=0 relL2=0 exact=1	fca96f1355485ec3
07	254.255	254.417	0.17 0.00 0 584.41	linear_217_cast_fp16 golden max_abs=0 relL2=0 exact=1	fca96f1355485ec3
08	254.237	254.399	0.14 0.00 30 619.24	linear_217_cast_fp16 golden max_abs=0 relL2=0 exact=1	fca96f1355485ec3
09	254.248	254.403	0.21 0.00 0 624.07	linear_217_cast_fp16 golden max_abs=0 relL2=0 exact=1	fca96f1355485ec3
10	254.228	254.385	0.17 0.00 30 658.91	linear_217_cast_fp16 golden max_abs=0 relL2=0 exact=1	fca96f1355485ec3
11	254.236	254.405	0.23 0.00 0 663.71	linear_217_cast_fp16 golden max_abs=0 relL2=0 exact=1	fca96f1355485ec3
12	254.270	254.430	0.15 0.00 40 708.53	linear_217_cast_fp16 golden max_abs=0 relL2=0 exact=1	fca96f1355485ec3
13	254.201	254.352	0.22 0.00 0 713.32	linear_217_cast_fp16 golden max_abs=0 relL2=0 exact=1	fca96f1355485ec3
14	254.256	254.406	0.28 0.00 0 718.12	linear_217_cast_fp16 golden max_abs=0 relL2=0 exact=1	fca96f1355485ec3
15	254.253	254.370	0.34 0.00 0 722.94	linear_217_cast_fp16 golden max_abs=0 relL2=0 exact=1	fca96f1355485ec3
16	254.251	254.426	0.39 0.00 0 727.76	linear_217_cast_fp16 golden max_abs=0 relL2=0 exact=1	fca96f1355485ec3
17	254.219	254.400	0.44 0.00 0 732.55	linear_217_cast_fp16 golden max_abs=0 relL2=0 exact=1	fca96f1355485ec3
18	254.283	254.374	0.49 0.00 0 737.37	linear_217_cast_fp16 golden max_abs=0 relL2=0 exact=1	fca96f1355485ec3
19	254.272	254.409	0.45 0.00 10 752.19	linear_217_cast_fp16 golden max_abs=0 relL2=0 exact=1	fca96f1355485ec3
20	254.278	254.406	0.49 0.00 0 756.96	linear_217_cast_fp16 golden max_abs=0 relL2=0 exact=1	fca96f1355485ec3
