01	2.289	2.336	0.37 0.00 0 1559.13		ddc66dc89a27d3c6
02	2.278	2.296	0.37 0.00 0 1559.24		ddc66dc89a27d3c6
03	2.295	2.308	0.37 0.00 0 1559.35		ddc66dc89a27d3c6
04	2.287	2.382	0.37 0.00 0 1559.46		ddc66dc89a27d3c6
05	2.285	2.335	0.37 0.00 0 1559.57		ddc66dc89a27d3c6
06	2.291	2.379	0.37 0.00 0 1559.68		ddc66dc89a27d3c6
07	2.289	2.296	0.37 0.00 0 1559.78		ddc66dc89a27d3c6
08	2.289	2.381	0.37 0.00 0 1559.89		ddc66dc89a27d3c6
09	2.285	2.382	0.37 0.00 0 1559.99		ddc66dc89a27d3c6
10	2.294	2.309	0.37 0.00 0 1560.10		ddc66dc89a27d3c6
11	2.275	2.378	0.37 0.00 0 1560.21		ddc66dc89a27d3c6
12	2.293	2.309	0.43 0.00 0 1560.33		ddc66dc89a27d3c6
13	2.296	2.385	0.43 0.00 0 1560.43		ddc66dc89a27d3c6
14	2.283	2.308	0.43 0.00 0 1560.54		ddc66dc89a27d3c6
15	2.288	2.380	0.43 0.00 0 1560.65		ddc66dc89a27d3c6
16	2.283	2.355	0.43 0.00 0 1560.75		ddc66dc89a27d3c6
17	2.287	2.382	0.43 0.00 0 1560.84		ddc66dc89a27d3c6
18	2.287	2.376	0.43 0.00 0 1560.93		ddc66dc89a27d3c6
19	2.276	2.381	0.43 0.00 0 1561.02		ddc66dc89a27d3c6
20	2.280	2.298	0.43 0.00 0 1561.11		ddc66dc89a27d3c6
