01	4.137	4.155	0.20 0.00 0 1542.29	y golden max_abs=0.00390625 relL2=0.0002688622 exact=0.893621	d95bd62bf7729f2c
02	4.142	4.203	0.20 0.00 0 1542.85	y golden max_abs=0.00390625 relL2=0.0002688622 exact=0.893621	d95bd62bf7729f2c
03	4.139	4.159	0.20 0.00 0 1543.33	y golden max_abs=0.00390625 relL2=0.0002688622 exact=0.893621	d95bd62bf7729f2c
04	4.142	4.199	0.20 0.00 0 1543.85	y golden max_abs=0.00390625 relL2=0.0002688622 exact=0.893621	d95bd62bf7729f2c
05	4.135	4.189	0.20 0.00 0 1544.33	y golden max_abs=0.00390625 relL2=0.0002688622 exact=0.893621	d95bd62bf7729f2c
06	4.111	4.204	0.20 0.00 0 1544.89	y golden max_abs=0.00390625 relL2=0.0002688622 exact=0.893621	d95bd62bf7729f2c
07	4.133	4.202	0.26 0.00 0 1545.41	y golden max_abs=0.00390625 relL2=0.0002688622 exact=0.893621	d95bd62bf7729f2c
08	4.144	4.199	0.26 0.00 0 1545.90	y golden max_abs=0.00390625 relL2=0.0002688622 exact=0.893621	d95bd62bf7729f2c
09	4.128	4.207	0.26 0.00 0 1546.42	y golden max_abs=0.00390625 relL2=0.0002688622 exact=0.893621	d95bd62bf7729f2c
10	4.143	4.201	0.26 0.00 0 1546.93	y golden max_abs=0.00390625 relL2=0.0002688622 exact=0.893621	d95bd62bf7729f2c
11	4.135	4.190	0.26 0.00 0 1547.51	y golden max_abs=0.00390625 relL2=0.0002688622 exact=0.893621	d95bd62bf7729f2c
12	4.152	4.193	0.26 0.00 0 1548.06	y golden max_abs=0.00390625 relL2=0.0002688622 exact=0.893621	d95bd62bf7729f2c
13	4.137	4.163	0.26 0.00 0 1548.63	y golden max_abs=0.00390625 relL2=0.0002688622 exact=0.893621	d95bd62bf7729f2c
14	4.148	4.192	0.26 0.00 0 1549.22	y golden max_abs=0.00390625 relL2=0.0002688622 exact=0.893621	d95bd62bf7729f2c
15	4.139	4.165	0.26 0.00 0 1549.75	y golden max_abs=0.00390625 relL2=0.0002688622 exact=0.893621	d95bd62bf7729f2c
16	4.143	4.193	0.32 0.00 0 1550.32	y golden max_abs=0.00390625 relL2=0.0002688622 exact=0.893621	d95bd62bf7729f2c
17	4.136	4.182	0.32 0.00 0 1550.90	y golden max_abs=0.00390625 relL2=0.0002688622 exact=0.893621	d95bd62bf7729f2c
18	4.153	4.231	0.32 0.00 0 1551.42	y golden max_abs=0.00390625 relL2=0.0002688622 exact=0.893621	d95bd62bf7729f2c
19	4.137	4.189	0.32 0.00 0 1551.99	y golden max_abs=0.00390625 relL2=0.0002688622 exact=0.893621	d95bd62bf7729f2c
20	4.142	4.215	0.32 0.00 0 1552.51	y golden max_abs=0.00390625 relL2=0.0002688622 exact=0.893621	d95bd62bf7729f2c
