01	254.802	254.856	0.46 0.00 0 830.49	linear_217_cast_fp16 golden max_abs=0 relL2=0 exact=1	fca96f1355485ec3
02	254.783	254.882	0.30 0.00 30 865.26	linear_217_cast_fp16 golden max_abs=0 relL2=0 exact=1	fca96f1355485ec3
03	254.822	254.858	0.30 0.00 0 870.08	linear_217_cast_fp16 golden max_abs=0 relL2=0 exact=1	fca96f1355485ec3
04	254.796	254.856	0.36 0.00 0 874.91	linear_217_cast_fp16 golden max_abs=0 relL2=0 exact=1	fca96f1355485ec3
05	254.793	254.849	0.41 0.00 0 879.75	linear_217_cast_fp16 golden max_abs=0 relL2=0 exact=1	fca96f1355485ec3
06	254.811	254.866	0.46 0.00 0 884.60	linear_217_cast_fp16 golden max_abs=0 relL2=0 exact=1	fca96f1355485ec3
07	254.801	254.864	0.30 0.00 30 919.37	linear_217_cast_fp16 golden max_abs=0 relL2=0 exact=1	fca96f1355485ec3
08	254.772	254.875	0.36 0.00 0 924.15	linear_217_cast_fp16 golden max_abs=0 relL2=0 exact=1	fca96f1355485ec3
09	254.812	254.873	0.41 0.00 0 928.95	linear_217_cast_fp16 golden max_abs=0 relL2=0 exact=1	fca96f1355485ec3
10	254.815	254.853	0.46 0.00 0 933.79	linear_217_cast_fp16 golden max_abs=0 relL2=0 exact=1	fca96f1355485ec3
11	254.786	254.862	0.42 0.00 10 948.62	linear_217_cast_fp16 golden max_abs=0 relL2=0 exact=1	fca96f1355485ec3
12	254.780	254.863	0.47 0.00 0 953.40	linear_217_cast_fp16 golden max_abs=0 relL2=0 exact=1	fca96f1355485ec3
13	254.797	254.867	0.43 0.00 10 968.17	linear_217_cast_fp16 golden max_abs=0 relL2=0 exact=1	fca96f1355485ec3
14	254.784	254.862	0.29 0.00 30 1003.03	linear_217_cast_fp16 golden max_abs=0 relL2=0 exact=1	fca96f1355485ec3
15	254.802	254.848	0.35 0.00 0 1007.81	linear_217_cast_fp16 golden max_abs=0 relL2=0 exact=1	fca96f1355485ec3
16	254.797	254.846	0.40 0.00 0 1012.56	linear_217_cast_fp16 golden max_abs=0 relL2=0 exact=1	fca96f1355485ec3
17	254.801	254.859	0.45 0.00 0 1017.36	linear_217_cast_fp16 golden max_abs=0 relL2=0 exact=1	fca96f1355485ec3
18	254.798	254.846	0.49 0.00 0 1022.16	linear_217_cast_fp16 golden max_abs=0 relL2=0 exact=1	fca96f1355485ec3
19	254.779	254.855	0.45 0.00 10 1036.97	linear_217_cast_fp16 golden max_abs=0 relL2=0 exact=1	fca96f1355485ec3
20	254.783	254.856	0.49 0.00 0 1041.78	linear_217_cast_fp16 golden max_abs=0 relL2=0 exact=1	fca96f1355485ec3
