01	2.287	2.383	0.49 0.00 0 808.39		ddc66dc89a27d3c6
02	2.297	2.330	0.49 0.00 0 808.48		ddc66dc89a27d3c6
03	2.260	2.327	0.49 0.00 0 808.61		ddc66dc89a27d3c6
04	2.296	2.309	0.49 0.00 0 808.73		ddc66dc89a27d3c6
05	2.240	2.381	0.49 0.00 0 808.84		ddc66dc89a27d3c6
06	2.281	2.292	0.49 0.00 0 808.93		ddc66dc89a27d3c6
07	2.289	2.382	0.49 0.00 0 809.03		ddc66dc89a27d3c6
08	2.286	2.302	0.49 0.00 0 809.13		ddc66dc89a27d3c6
09	2.288	2.380	0.49 0.00 0 809.24		ddc66dc89a27d3c6
10	2.284	2.380	0.49 0.00 0 809.34		ddc66dc89a27d3c6
11	2.288	2.301	0.49 0.00 0 809.44		ddc66dc89a27d3c6
12	2.284	2.381	0.49 0.00 0 809.53		ddc66dc89a27d3c6
13	2.289	2.386	0.49 0.00 0 809.63		ddc66dc89a27d3c6
14	2.290	2.316	0.49 0.00 0 809.75		ddc66dc89a27d3c6
15	2.294	2.381	0.49 0.00 0 809.86		ddc66dc89a27d3c6
16	2.281	2.292	0.49 0.00 0 809.94		ddc66dc89a27d3c6
17	2.289	2.383	0.49 0.00 0 810.06		ddc66dc89a27d3c6
18	2.286	2.303	0.49 0.00 0 810.15		ddc66dc89a27d3c6
19	2.289	2.307	0.45 0.00 10 820.27		ddc66dc89a27d3c6
20	2.285	2.373	0.45 0.00 0 820.38		ddc66dc89a27d3c6
