01	5.484	5.523	0.32 0.00 0 1553.01	y63 golden max_abs=inf relL2=inf exact=0	103f96b29b08c210
02	5.483	5.549	0.32 0.00 0 1553.30	y63 golden max_abs=inf relL2=inf exact=0	103f96b29b08c210
03	5.498	5.525	0.32 0.00 0 1553.56	y63 golden max_abs=inf relL2=inf exact=0	103f96b29b08c210
04	5.492	5.525	0.32 0.00 0 1553.85	y63 golden max_abs=inf relL2=inf exact=0	103f96b29b08c210
05	5.507	5.529	0.32 0.00 0 1554.11	y63 golden max_abs=inf relL2=inf exact=0	103f96b29b08c210
06	5.486	5.527	0.32 0.00 0 1554.40	y63 golden max_abs=inf relL2=inf exact=0	103f96b29b08c210
07	5.481	5.545	0.32 0.00 0 1554.66	y63 golden max_abs=inf relL2=inf exact=0	103f96b29b08c210
08	5.494	5.525	0.32 0.00 0 1554.96	y63 golden max_abs=inf relL2=inf exact=0	103f96b29b08c210
09	5.501	5.530	0.32 0.00 0 1555.26	y63 golden max_abs=inf relL2=inf exact=0	103f96b29b08c210
10	5.499	5.526	0.37 0.00 0 1555.54	y63 golden max_abs=inf relL2=inf exact=0	103f96b29b08c210
11	5.497	5.525	0.37 0.00 0 1555.82	y63 golden max_abs=inf relL2=inf exact=0	103f96b29b08c210
12	5.483	5.527	0.37 0.00 0 1556.09	y63 golden max_abs=inf relL2=inf exact=0	103f96b29b08c210
13	5.510	5.531	0.37 0.00 0 1556.39	y63 golden max_abs=inf relL2=inf exact=0	103f96b29b08c210
14	5.482	5.548	0.37 0.00 0 1556.68	y63 golden max_abs=inf relL2=inf exact=0	103f96b29b08c210
15	5.487	5.531	0.37 0.00 0 1556.98	y63 golden max_abs=inf relL2=inf exact=0	103f96b29b08c210
16	5.474	5.550	0.37 0.00 0 1557.25	y63 golden max_abs=inf relL2=inf exact=0	103f96b29b08c210
17	5.483	5.549	0.37 0.00 0 1557.54	y63 golden max_abs=inf relL2=inf exact=0	103f96b29b08c210
18	5.484	5.537	0.37 0.00 0 1557.83	y63 golden max_abs=inf relL2=inf exact=0	103f96b29b08c210
19	5.498	5.531	0.37 0.00 0 1558.15	y63 golden max_abs=inf relL2=inf exact=0	103f96b29b08c210
20	5.479	5.548	0.37 0.00 0 1558.44	y63 golden max_abs=inf relL2=inf exact=0	103f96b29b08c210
