01	254.247	254.358	0.48 0.00 0 1114.85	linear_217_cast_fp16 golden max_abs=0 relL2=0 exact=1	fca96f1355485ec3
02	254.244	254.388	0.44 0.00 10 1129.67	linear_217_cast_fp16 golden max_abs=0 relL2=0 exact=1	fca96f1355485ec3
03	254.226	254.406	0.49 0.00 0 1134.45	linear_217_cast_fp16 golden max_abs=0 relL2=0 exact=1	fca96f1355485ec3
04	254.264	254.434	0.45 0.00 10 1149.22	linear_217_cast_fp16 golden max_abs=0 relL2=0 exact=1	fca96f1355485ec3
05	254.259	254.416	0.30 0.00 30 1184.01	linear_217_cast_fp16 golden max_abs=0 relL2=0 exact=1	fca96f1355485ec3
06	254.250	254.457	0.35 0.00 0 1188.83	linear_217_cast_fp16 golden max_abs=0 relL2=0 exact=1	fca96f1355485ec3
07	254.256	254.385	0.24 0.00 30 1223.65	linear_217_cast_fp16 golden max_abs=0 relL2=0 exact=1	fca96f1355485ec3
08	254.245	254.342	0.18 0.00 30 1258.46	linear_217_cast_fp16 golden max_abs=0 relL2=0 exact=1	fca96f1355485ec3
09	254.289	254.427	0.15 0.00 30 1293.25	linear_217_cast_fp16 golden max_abs=0 relL2=0 exact=1	fca96f1355485ec3
10	254.238	254.448	0.22 0.00 0 1298.04	linear_217_cast_fp16 golden max_abs=0 relL2=0 exact=1	fca96f1355485ec3
11	254.238	254.422	0.28 0.00 0 1302.86	linear_217_cast_fp16 golden max_abs=0 relL2=0 exact=1	fca96f1355485ec3
12	254.291	254.420	0.20 0.00 30 1337.63	linear_217_cast_fp16 golden max_abs=0 relL2=0 exact=1	fca96f1355485ec3
13	254.222	254.450	0.27 0.00 0 1342.45	linear_217_cast_fp16 golden max_abs=0 relL2=0 exact=1	fca96f1355485ec3
14	254.247	254.391	0.33 0.00 0 1347.27	linear_217_cast_fp16 golden max_abs=0 relL2=0 exact=1	fca96f1355485ec3
15	254.267	254.418	0.23 0.00 30 1382.11	linear_217_cast_fp16 golden max_abs=0 relL2=0 exact=1	fca96f1355485ec3
16	254.256	254.472	0.15 0.00 40 1426.97	linear_217_cast_fp16 golden max_abs=0 relL2=0 exact=1	fca96f1355485ec3
17	254.234	254.398	0.22 0.00 0 1431.77	linear_217_cast_fp16 golden max_abs=0 relL2=0 exact=1	fca96f1355485ec3
18	254.254	254.379	0.17 0.00 30 1466.61	linear_217_cast_fp16 golden max_abs=0 relL2=0 exact=1	fca96f1355485ec3
19	254.231	254.398	0.14 0.00 30 1501.45	linear_217_cast_fp16 golden max_abs=0 relL2=0 exact=1	fca96f1355485ec3
20	254.270	254.387	0.13 0.00 30 1536.28	linear_217_cast_fp16 golden max_abs=0 relL2=0 exact=1	fca96f1355485ec3
