01	5.479	5.527	0.45 0.00 0 792.28	y63 golden max_abs=inf relL2=inf exact=0	103f96b29b08c210
02	5.415	5.522	0.45 0.00 0 792.61	y63 golden max_abs=inf relL2=inf exact=0	103f96b29b08c210
03	5.491	5.524	0.45 0.00 0 792.90	y63 golden max_abs=inf relL2=inf exact=0	103f96b29b08c210
04	5.463	5.511	0.45 0.00 0 793.19	y63 golden max_abs=inf relL2=inf exact=0	103f96b29b08c210
05	5.489	5.521	0.45 0.00 0 793.46	y63 golden max_abs=inf relL2=inf exact=0	103f96b29b08c210
06	5.490	5.548	0.45 0.00 0 793.76	y63 golden max_abs=inf relL2=inf exact=0	103f96b29b08c210
07	5.499	5.532	0.45 0.00 0 794.00	y63 golden max_abs=inf relL2=inf exact=0	103f96b29b08c210
08	5.466	5.544	0.45 0.00 0 794.29	y63 golden max_abs=inf relL2=inf exact=0	103f96b29b08c210
09	5.487	5.551	0.45 0.00 0 794.55	y63 golden max_abs=inf relL2=inf exact=0	103f96b29b08c210
10	5.482	5.544	0.45 0.00 0 794.85	y63 golden max_abs=inf relL2=inf exact=0	103f96b29b08c210
11	5.481	5.522	0.45 0.00 0 795.13	y63 golden max_abs=inf relL2=inf exact=0	103f96b29b08c210
12	5.498	5.522	0.49 0.00 10 805.42	y63 golden max_abs=inf relL2=inf exact=0	103f96b29b08c210
13	5.495	5.515	0.49 0.00 0 805.73	y63 golden max_abs=inf relL2=inf exact=0	103f96b29b08c210
14	5.498	5.535	0.49 0.00 0 806.01	y63 golden max_abs=inf relL2=inf exact=0	103f96b29b08c210
15	5.494	5.529	0.49 0.00 0 806.29	y63 golden max_abs=inf relL2=inf exact=0	103f96b29b08c210
16	5.496	5.528	0.49 0.00 0 806.59	y63 golden max_abs=inf relL2=inf exact=0	103f96b29b08c210
17	5.480	5.527	0.49 0.00 0 806.88	y63 golden max_abs=inf relL2=inf exact=0	103f96b29b08c210
18	5.506	5.522	0.49 0.00 0 807.18	y63 golden max_abs=inf relL2=inf exact=0	103f96b29b08c210
19	5.482	5.524	0.49 0.00 0 807.45	y63 golden max_abs=inf relL2=inf exact=0	103f96b29b08c210
20	5.483	5.540	0.49 0.00 0 807.76	y63 golden max_abs=inf relL2=inf exact=0	103f96b29b08c210
