01	4.141	4.189	0.45 0.00 10 771.77	y golden max_abs=0.00390625 relL2=0.0002688622 exact=0.893621	d95bd62bf7729f2c
02	4.143	4.211	0.45 0.00 0 772.29	y golden max_abs=0.00390625 relL2=0.0002688622 exact=0.893621	d95bd62bf7729f2c
03	4.137	4.156	0.45 0.00 0 772.85	y golden max_abs=0.00390625 relL2=0.0002688622 exact=0.893621	d95bd62bf7729f2c
04	4.128	4.207	0.45 0.00 0 773.40	y golden max_abs=0.00390625 relL2=0.0002688622 exact=0.893621	d95bd62bf7729f2c
05	4.135	4.155	0.45 0.00 0 773.88	y golden max_abs=0.00390625 relL2=0.0002688622 exact=0.893621	d95bd62bf7729f2c
06	4.139	4.189	0.45 0.00 0 774.45	y golden max_abs=0.00390625 relL2=0.0002688622 exact=0.893621	d95bd62bf7729f2c
07	4.134	4.178	0.45 0.00 0 774.98	y golden max_abs=0.00390625 relL2=0.0002688622 exact=0.893621	d95bd62bf7729f2c
08	4.136	4.189	0.49 0.00 0 775.46	y golden max_abs=0.00390625 relL2=0.0002688622 exact=0.893621	d95bd62bf7729f2c
09	4.128	4.186	0.49 0.00 0 776.03	y golden max_abs=0.00390625 relL2=0.0002688622 exact=0.893621	d95bd62bf7729f2c
10	4.129	4.196	0.49 0.00 0 776.54	y golden max_abs=0.00390625 relL2=0.0002688622 exact=0.893621	d95bd62bf7729f2c
11	4.124	4.166	0.49 0.00 0 777.05	y golden max_abs=0.00390625 relL2=0.0002688622 exact=0.893621	d95bd62bf7729f2c
12	4.145	4.189	0.49 0.00 0 777.55	y golden max_abs=0.00390625 relL2=0.0002688622 exact=0.893621	d95bd62bf7729f2c
13	4.139	4.205	0.49 0.00 0 778.09	y golden max_abs=0.00390625 relL2=0.0002688622 exact=0.893621	d95bd62bf7729f2c
14	4.145	4.205	0.49 0.00 0 778.63	y golden max_abs=0.00390625 relL2=0.0002688622 exact=0.893621	d95bd62bf7729f2c
15	4.137	4.172	0.49 0.00 0 779.16	y golden max_abs=0.00390625 relL2=0.0002688622 exact=0.893621	d95bd62bf7729f2c
16	4.142	4.192	0.49 0.00 0 779.69	y golden max_abs=0.00390625 relL2=0.0002688622 exact=0.893621	d95bd62bf7729f2c
17	4.129	4.167	0.45 0.00 10 790.24	y golden max_abs=0.00390625 relL2=0.0002688622 exact=0.893621	d95bd62bf7729f2c
18	4.139	4.190	0.45 0.00 0 790.73	y golden max_abs=0.00390625 relL2=0.0002688622 exact=0.893621	d95bd62bf7729f2c
19	4.133	4.205	0.45 0.00 0 791.26	y golden max_abs=0.00390625 relL2=0.0002688622 exact=0.893621	d95bd62bf7729f2c
20	4.139	4.188	0.45 0.00 0 791.74	y golden max_abs=0.00390625 relL2=0.0002688622 exact=0.893621	d95bd62bf7729f2c
