t_s,busy_ns,jobs,sys_power_uW,heatpipe_uW,ac_in_uW,fan_rpm,nand_mC,charger_mC,tz0_mC,cpu0_kHz,cpu_hi_kHz,loadavg1
0.004,1456683913110,89749341,23682582,25994562,39213500,1205,62639,59980,36300,2064000,2988000,0.23
0.124,1456683913110,89749341,23682582,25994562,39213500,1203,62639,59980,36300,2064000,2988000,0.23
0.246,1456683913110,89749341,23682582,25994562,39213500,1206,62639,59980,36300,2064000,2988000,0.23
0.368,1456683913110,89749341,23682582,25994562,39213500,1206,62639,60244,36300,2064000,2988000,0.23
0.496,1456683913110,89749341,23682582,25994562,39213500,1217,62639,60244,36300,2064000,2988000,0.23
0.616,1456683913110,89749341,23682582,25994562,39213500,1217,62639,60244,36300,2064000,2988000,0.23
0.737,1456683913110,89749341,23682582,25994562,39213500,1203,62639,60244,36300,2064000,2988000,0.23
0.858,1456683913110,89749341,39213500,26820272,41459960,1203,62639,60244,36300,2064000,2988000,0.85
0.979,1456683913110,89749341,39213500,26820272,41459960,1192,62639,60244,36300,2064000,2988000,0.85
1.099,1456683913110,89749341,39213500,26820272,41459960,1180,62639,60244,36300,2064000,2988000,0.85
1.219,1456741097755,89749341,39213500,26820272,41459960,1180,62639,60244,36300,2064000,2988000,0.85
1.344,1456865083779,89749342,39213500,26820272,41459960,1191,62837,60523,36300,2064000,2988000,0.85
1.471,1456991888027,89749342,39213500,26820272,41459960,1191,62837,60523,36300,2064000,2988000,0.85
1.593,1457114858782,89749343,39213500,26820272,41459960,1200,62837,60523,36300,2064000,2988000,0.85
1.714,1457234867269,89749344,39213500,26820272,41459960,1224,62837,60523,36300,2064000,2988000,0.85
1.836,1457356891254,89749345,41459960,23332143,37204402,1224,62837,60523,36300,2064000,2988000,0.85
1.957,1457478855864,89749345,41459960,23332143,37204402,1224,62837,60523,36300,2064000,2988000,0.85
2.081,1457601568905,89749346,41459960,23332143,37204402,1224,62837,60523,36300,2064000,2988000,0.85
2.206,1457727825101,89749347,41459960,23332143,37204402,1186,62837,60523,36300,2064000,2988000,0.85
2.329,1457849797710,89749348,41459960,23332143,37204402,1186,62837,60732,36300,2064000,2988000,0.85
2.450,1457971845237,89749348,41459960,23332143,37204402,1201,62639,60732,36300,2064000,2988000,0.85
2.571,1458091793390,89749349,41459960,23332143,37204402,1187,62639,60732,36300,2064000,2988000,0.85
2.691,1458211770585,89749350,41459960,23332143,37204402,1187,62639,60732,36300,2064000,2988000,0.85
2.818,1458338755877,89749351,37204402,23159580,36666610,1193,62639,60732,36300,2064000,2988000,0.85
2.940,1458460768737,89749351,37204402,23159580,36666610,1192,62639,60732,36300,2064000,2988000,0.85
3.065,1458585765198,89749352,37204402,23159580,36666610,1192,62639,60732,36300,2064000,2988000,0.85
3.189,1458711761638,89749353,37204402,23159580,36666610,1197,62639,60732,36300,2064000,2988000,0.85
3.314,1458834725351,89749354,37204402,23159580,36666610,1197,62639,60523,36300,2064000,2988000,0.85
3.437,1458957743940,89749354,37204402,23159580,36666610,1190,62918,60523,36300,2064000,2988000,0.85
3.557,1459077723092,89749355,37204402,23159580,36666610,1195,62918,60523,36300,2064000,2988000,0.85
3.681,1459202716262,89749356,37204402,23159580,36666610,1195,62918,60523,36300,2064000,2988000,0.85
3.804,1459326731329,89749357,36666610,23189268,36752990,1199,62918,60523,36300,2064000,2988000,0.85
3.933,1459453711121,89749357,36666610,23189268,36752990,1199,62918,60523,36300,2064000,2988000,0.85
4.054,1459574691252,89749358,36666610,23189268,36752990,1212,62918,60523,36300,2064000,2988000,0.85
4.176,1459696682820,89749359,36666610,23189268,36752990,1197,62918,60523,36300,2064000,2988000,0.85
4.297,1459817699035,89749359,36666610,23189268,36752990,1197,62918,60523,36300,2064000,2988000,0.85
4.417,1459937665854,89749360,36666610,23189268,36752990,1216,63465,61279,36300,2064000,2988000,0.85
4.540,1459985517145,89749361,36666610,23189268,36752990,1216,63465,61279,36300,2064000,2988000,0.85
4.661,1459985517145,89749361,36666610,23189268,36752990,1189,63465,61279,36300,2064000,2988000,0.85
4.775,1459985517145,89749361,36666610,23189268,36752990,1189,63465,61279,36300,2064000,2988000,0.85
4.895,1459985517145,89749361,36752990,22046321,36486820,1217,63465,61279,36300,2064000,2988000,0.85
5.012,1459985517145,89749361,36752990,22046321,36486820,1189,63465,61279,36300,2064000,2988000,0.85
5.130,1459985517145,89749361,36752990,22046321,36486820,1189,63465,61279,36300,2064000,2988000,0.85
5.248,1459985517145,89749361,36752990,22046321,36486820,1189,63465,61279,36300,2064000,2988000,0.85
5.368,1459985517145,89749361,36752990,22046321,36486820,1189,63732,61546,36300,2064000,2988000,0.85
5.484,1459985517145,89749361,36752990,22046321,36486820,1197,63732,61546,36300,2064000,2988000,0.85
5.604,1459985517145,89749361,36752990,22046321,36486820,1197,63732,61546,36300,2064000,2988000,0.85
5.721,1459985517145,89749361,36752990,22046321,36486820,1205,63732,61546,36300,2064000,2988000,0.85
