01	254.280	254.376	0.00 0.00 0 360.81	golden max_abs=0 relL2=0 exact=1	fca96f1355485ec3
02	254.289	254.401	0.05 0.00 30 395.78	golden max_abs=0 relL2=0 exact=1	fca96f1355485ec3
03	254.278	254.402	0.12 0.00 0 400.60	golden max_abs=0 relL2=0 exact=1	fca96f1355485ec3
04	254.281	254.485	0.19 0.00 0 405.40	golden max_abs=0 relL2=0 exact=1	fca96f1355485ec3
05	254.281	254.457	0.26 0.00 0 410.24	golden max_abs=0 relL2=0 exact=1	fca96f1355485ec3
06	254.260	254.468	0.22 0.00 30 445.09	golden max_abs=0 relL2=0 exact=1	fca96f1355485ec3
07	254.270	254.467	0.20 0.00 0 449.94	golden max_abs=0 relL2=0 exact=1	fca96f1355485ec3
08	254.287	254.478	0.16 0.00 30 484.80	golden max_abs=0 relL2=0 exact=1	fca96f1355485ec3
09	254.308	254.457	0.14 0.00 30 519.65	golden max_abs=0 relL2=0 exact=1	fca96f1355485ec3
10	254.290	254.480	0.10 0.00 40 564.49	golden max_abs=0 relL2=0 exact=1	fca96f1355485ec3
11	254.270	254.411	0.11 0.00 30 599.29	golden max_abs=0 relL2=0 exact=1	fca96f1355485ec3
12	254.254	254.397	0.11 0.00 30 634.09	golden max_abs=0 relL2=0 exact=1	fca96f1355485ec3
13	254.274	254.507	0.18 0.00 0 638.92	golden max_abs=0 relL2=0 exact=1	fca96f1355485ec3
14	254.327	254.444	0.15 0.00 30 673.76	golden max_abs=0 relL2=0 exact=1	fca96f1355485ec3
15	254.264	254.410	0.11 0.00 40 718.57	golden max_abs=0 relL2=0 exact=1	fca96f1355485ec3
16	254.272	254.410	0.11 0.00 30 753.40	golden max_abs=0 relL2=0 exact=1	fca96f1355485ec3
17	254.300	254.446	0.11 0.00 30 788.23	golden max_abs=0 relL2=0 exact=1	fca96f1355485ec3
18	254.266	254.443	0.18 0.00 0 793.04	golden max_abs=0 relL2=0 exact=1	fca96f1355485ec3
19	254.285	254.421	0.15 0.00 30 827.88	golden max_abs=0 relL2=0 exact=1	fca96f1355485ec3
20	254.275	254.438	0.13 0.00 30 862.67	golden max_abs=0 relL2=0 exact=1	fca96f1355485ec3
