# Qwen port-table ambiguity groups resolved on the M2 at decode step 11 (tools/qwen_m2_conform.py, boot 0e2c3743).
# status decided: exactly one binding of the group passes. binding identity: the generated table order is right.
# program_trials: input-permutation runs of the program; best and runner-up are the two lowest worst-port rel L2 / threshold ratios over those runs (runner-up empty with one run).
program	direction	ports	status	binding	program_trials	program_best_ratio	program_runner_up_ratio
prog_000	output	t16,t20,t22,t37	decided	identity	1	0.006025	
prog_000	output	t26,t35	decided	identity	1	0.006025	
prog_001	input	t0,t1	decided	identity	12	0	33.01
prog_001	input	t14,t4,t7	decided	identity	12	0	33.01
prog_002	input	t0,t2	decided	identity	2	0.07418	47.39
prog_002	output	t31,t35,t37,t52	decided	identity	2	0.07418	47.39
prog_002	output	t41,t50	decided	identity	2	0.07418	47.39
prog_003	input	t0,t1	decided	identity	12	0	26.76
prog_003	input	t14,t4,t7	decided	identity	12	0	26.76
prog_004	input	t0,t2	decided	identity	2	0.003259	22.22
prog_004	output	t31,t35,t37,t52	decided	identity	2	0.003259	22.22
prog_004	output	t41,t50	decided	identity	2	0.003259	22.22
prog_005	input	t0,t1	decided	identity	12	0	17.63
prog_005	input	t14,t4,t7	decided	identity	12	0	17.63
prog_006	input	t0,t2	decided	identity	16	0.06316	16.13
prog_006	output	t106,t97	decided	identity	16	0.06316	16.13
prog_006	output	t108,t87,t91,t93	decided	identity	16	0.06316	16.13
prog_006	input	t22,t27	decided	identity	16	0.06316	16.13
prog_006	input	t28,t44	decided	identity	16	0.06316	16.13
prog_006	output	t30,t46	decided	identity	16	0.06316	16.13
prog_006	input	t32,t39	decided	identity	16	0.06316	16.13
prog_007	input	t0,t1	decided	identity	12	0	25.17
prog_007	input	t14,t4,t7	decided	identity	12	0	25.17
prog_008	input	t0,t2	decided	identity	2	0.00449	13.47
prog_008	output	t31,t35,t37,t52	decided	identity	2	0.00449	13.47
prog_008	output	t41,t50	decided	identity	2	0.00449	13.47
prog_009	input	t0,t1	decided	identity	12	0	15.65
prog_009	input	t14,t4,t7	decided	identity	12	0	15.65
prog_010	input	t0,t2	decided	identity	2	0.09699	20.09
prog_010	output	t31,t35,t37,t52	decided	identity	2	0.09699	20.09
prog_010	output	t41,t50	decided	identity	2	0.09699	20.09
prog_011	input	t0,t1	decided	identity	12	0	17.92
prog_011	input	t14,t4,t7	decided	identity	12	0	17.92
prog_012	input	t0,t2	decided	identity	16	0.1107	14.87
prog_012	output	t106,t97	decided	identity	16	0.1107	14.87
prog_012	output	t108,t87,t91,t93	decided	identity	16	0.1107	14.87
prog_012	input	t22,t27	decided	identity	16	0.1107	14.87
prog_012	input	t28,t44	decided	identity	16	0.1107	14.87
prog_012	output	t30,t46	decided	identity	16	0.1107	14.87
prog_012	input	t32,t39	decided	identity	16	0.1107	14.87
prog_013	input	t0,t1	decided	identity	12	0	20.75
prog_013	input	t14,t4,t7	decided	identity	12	0	20.75
prog_014	input	t0,t2	decided	identity	2	0.05537	9.788
prog_014	output	t31,t35,t37,t52	decided	identity	2	0.05537	9.788
prog_014	output	t41,t50	decided	identity	2	0.05537	9.788
prog_015	input	t0,t1	decided	identity	12	0	13.48
prog_015	input	t14,t4,t7	decided	identity	12	0	13.48
prog_016	input	t0,t2	decided	identity	2	0.07136	11.65
prog_016	output	t31,t35,t37,t52	decided	identity	2	0.07136	11.65
prog_016	output	t41,t50	decided	identity	2	0.07136	11.65
prog_017	input	t0,t1	decided	identity	12	0	22.33
prog_017	input	t14,t4,t7	decided	identity	12	0	22.33
prog_018	input	t0,t2	decided	identity	16	0.05336	10.2
prog_018	output	t106,t97	decided	identity	16	0.05336	10.2
prog_018	output	t108,t87,t91,t93	decided	identity	16	0.05336	10.2
prog_018	input	t22,t27	decided	identity	16	0.05336	10.2
prog_018	input	t28,t44	decided	identity	16	0.05336	10.2
prog_018	output	t30,t46	decided	identity	16	0.05336	10.2
prog_018	input	t32,t39	decided	identity	16	0.05336	10.2
prog_019	input	t0,t1	decided	identity	12	0	26.75
prog_019	input	t14,t4,t7	decided	identity	12	0	26.75
prog_020	input	t0,t2	decided	identity	2	0.0523	12.27
prog_021	output	t16,t20,t22,t37	decided	identity	1	0.03844	
prog_021	output	t26,t35	decided	identity	1	0.03844	
prog_022	input	t0,t1	decided	identity	12	0	21.29
prog_022	input	t14,t4,t7	decided	identity	12	0	21.29
prog_023	input	t0,t2	decided	identity	2	0.008229	14.04
prog_023	output	t31,t35,t37,t52	decided	identity	2	0.008229	14.04
prog_023	output	t41,t50	decided	identity	2	0.008229	14.04
prog_024	input	t0,t1	decided	identity	12	0	22.1
prog_024	input	t14,t4,t7	decided	identity	12	0	22.1
prog_025	input	t0,t2	decided	identity	16	0.1011	14.27
prog_025	output	t106,t97	decided	identity	16	0.1011	14.27
prog_025	output	t108,t87,t91,t93	decided	identity	16	0.1011	14.27
prog_025	input	t22,t27	decided	identity	16	0.1011	14.27
prog_025	input	t28,t44	decided	identity	16	0.1011	14.27
prog_025	output	t30,t46	decided	identity	16	0.1011	14.27
prog_025	input	t32,t39	decided	identity	16	0.1011	14.27
prog_026	input	t0,t1	decided	identity	12	0	13.27
prog_026	input	t14,t4,t7	decided	identity	12	0	13.27
prog_027	input	t0,t2	decided	identity	2	0.0379	19.68
prog_027	output	t31,t35,t37,t52	decided	identity	2	0.0379	19.68
prog_027	output	t41,t50	decided	identity	2	0.0379	19.68
prog_028	input	t0,t1	decided	identity	12	0	13.24
prog_028	input	t14,t4,t7	decided	identity	12	0	13.24
prog_029	input	t0,t2	decided	identity	2	0.035	13.28
prog_029	output	t31,t35,t37,t52	decided	identity	2	0.035	13.28
prog_029	output	t41,t50	decided	identity	2	0.035	13.28
prog_030	input	t0,t1	decided	identity	12	0	20.19
prog_030	input	t14,t4,t7	decided	identity	12	0	20.19
prog_031	input	t0,t2	decided	identity	16	0.05989	14.28
prog_031	output	t106,t97	decided	identity	16	0.05989	14.28
prog_031	output	t108,t87,t91,t93	decided	identity	16	0.05989	14.28
prog_031	input	t22,t27	decided	identity	16	0.05989	14.28
prog_031	input	t28,t44	decided	identity	16	0.05989	14.28
prog_031	output	t30,t46	decided	identity	16	0.05989	14.28
prog_031	input	t32,t39	decided	identity	16	0.05989	14.28
prog_032	input	t0,t1	decided	identity	12	0	10.18
prog_032	input	t14,t4,t7	decided	identity	12	0	10.18
prog_033	input	t0,t2	decided	identity	2	0.02481	11.7
prog_033	output	t31,t35,t37,t52	decided	identity	2	0.02481	11.7
prog_033	output	t41,t50	decided	identity	2	0.02481	11.7
prog_034	input	t0,t1	decided	identity	12	0	12.12
prog_034	input	t14,t4,t7	decided	identity	12	0	12.12
prog_035	input	t0,t2	decided	identity	2	0.01843	9.031
prog_035	output	t31,t35,t37,t52	decided	identity	2	0.01843	9.031
prog_035	output	t41,t50	decided	identity	2	0.01843	9.031
prog_036	input	t0,t1	decided	identity	12	0	14.94
prog_036	input	t14,t4,t7	decided	identity	12	0	14.94
prog_037	input	t0,t2	decided	identity	16	0.03631	7.397
prog_037	input	t22,t27	decided	identity	16	0.03631	7.397
prog_037	input	t28,t44	decided	identity	16	0.03631	7.397
prog_037	output	t30,t46	decided	identity	16	0.03631	7.397
prog_037	input	t32,t39	decided	identity	16	0.03631	7.397
