prompt	match	first_divergence	m2_token	ref_token	m2_margin_at_div	ref_margin_at_div	logit_max_abs_at_div	max_logit_abs_err_prefix	wall_s	generated_ids	reference_ids
p001	False	12	35003	11247	0.3249	0.1208	1.373	1.373	190.71	271,248068,271,248069,271,33704,82,2222,383,8964,1521,279,35003,314,279,8964,579,7772,10814,279,15127,310,6206,11,864,369,3069,15127,2222,383,8964,13	271,248068,271,248069,271,33704,82,2222,383,8964,1521,279,11247,579,93829,35003,10814,279,7806,579,9686,1752,310,6206,11,57805,279,15127,13,248046,198,248046
p002	True							1.811	208.65	271,248068,271,248069,271,2,8169,64932,10079,383,8964,271,550,27416,271,33704,82,2222,383,8964,1521,314,279,35003,314,279,8964,579,7772,13,1061,369	271,248068,271,248069,271,2,8169,64932,10079,383,8964,271,550,27416,271,33704,82,2222,383,8964,1521,314,279,35003,314,279,8964,579,7772,13,1061,369
p003	False	22	8964	35003	0.1683	0.0082	1.226	1.927	184.63	271,248068,271,248069,271,8160,513,2250,1328,12688,883,3069,15127,2222,383,8964,25,271,16,13,2972,760,8964,579,93829,35003,369,279,5839,5404,159029,561	271,248068,271,248069,271,8160,513,2250,1328,12688,883,3069,15127,2222,383,8964,25,271,16,13,2972,760,35003,314,8964,579,7772,369,279,5839,5404,159029
p004	False	29	561	8964	0.0121	0.2235	1.192	1.629	194.01	271,248068,271,248069,271,2,4545,70523,321,28193,314,13855,278,27227,383,8964,271,550,4545,70523,314,13855,278,27227,271,13962,220,16,13,561,8964,579	271,248068,271,248069,271,2,4545,70523,321,28193,314,13855,278,27227,383,8964,271,550,4545,70523,314,13855,278,27227,271,13962,220,16,13,8964,579,81544
p005	True							2.885	185.35	271,248068,271,248069,271,2,8771,7474,24152,383,8169,64932,10079,271,550,2651,220,16,25,561,8964,579,81544,271,332,760,8964,579,25659,2094,279,7806	271,248068,271,248069,271,2,8771,7474,24152,383,8169,64932,10079,271,550,2651,220,16,25,561,8964,579,81544,271,332,760,8964,579,25659,2094,279,7806
p006	False	13	561	12996	0.0404	0.3432	0.751	1.990	189.62	271,248068,271,248069,271,2,8169,64932,10079,383,8964,271,550,561,8722,12996,271,332,12929,64700,357,2972,28267,332,303,279,16430,92465,13,271,550,68868	271,248068,271,248069,271,2,8169,64932,10079,383,8964,271,550,12996,25,561,8964,579,64932,271,13962,561,21397,271,760,8964,579,15127,513,10521,539,1141
p007	False	23	10838	220	0.1521	0.0568	0.768	2.845	193.64	271,248068,271,248069,271,2,8169,64932,10079,383,8964,271,550,10838,234,235,8169,64932,10079,383,8964,271,13962,10838,241,233,10382,91690,271,12,2972,42373	271,248068,271,248069,271,2,8169,64932,10079,383,8964,271,550,10838,234,235,8169,64932,10079,383,8964,271,13962,220,16,13,561,7806,579,12026,198,12
p008	False	23	8396	13660	0.0728	0.0188	1.053	1.368	197.18	271,248068,271,248069,271,2,7474,32969,706,271,550,561,7474,32969,706,271,760,1379,4047,16036,369,2972,1856,8396,279,5073,314,15127,159034,271,550,561	271,248068,271,248069,271,2,7474,32969,706,271,550,561,7474,32969,706,271,760,1379,4047,16036,369,2972,1856,13660,279,4252,4087,159034,271,550,561,38643
p009	True							1.708	201.46	271,248068,271,248069,271,2,8169,64932,10079,383,8964,271,550,8169,64932,10079,383,8964,271,13962,561,9237,25905,271,760,5839,2781,15127,2222,383,8964,369	271,248068,271,248069,271,2,8169,64932,10079,383,8964,271,550,8169,64932,10079,383,8964,271,13962,561,9237,25905,271,760,5839,2781,15127,2222,383,8964,369
p010	False	18	13962	332	0.2265	0.2172	1.428	1.428	212.71	271,248068,271,248069,271,2,8169,64932,10079,383,8964,271,550,43934,13855,278,27227,271,13962,14392,220,16,25,62366,279,9237,15380,198,760,3296,16561,3069	271,248068,271,248069,271,2,8169,64932,10079,383,8964,271,550,43934,13855,278,27227,271,332,8046,220,16,25,62366,279,5073,159029,64932,2222,1521,8964,579
