prompt	step	token_in	gen_index	token_out	ref_token	m2_margin	ref_margin	logit_max_abs	logit_rel_l2	ane_wall_s	host_head_s	step_wall_s
p001	0	15666								4.121		4.136
p001	1	303								4.554		4.569
p001	2	799								4.035		4.051
p001	3	2708								3.836		3.851
p001	4	11316								3.839		3.864
p001	5	25								3.935		3.960
p001	6	3069								3.949		3.969
p001	7	15127								3.816		3.831
p001	8	2222								3.759		3.768
p001	9	383								3.812		3.837
p001	10	8964								3.767		3.781
p001	11	13	0	271	271	2.5730	2.5863	0.875	0.0830	4.008	0.641	4.655
p001	12	271	1	248068	248068	1.8409	1.7084	1.182	0.0902	4.019	0.671	4.699
p001	13	248068	2	271	271	1.5308	1.5613	0.720	0.0627	4.020	0.664	4.700
p001	14	271	3	248069	248069	9.5555	9.6057	1.093	0.0941	3.917	0.667	4.598
p001	15	248069	4	271	271	10.0981	10.0194	0.861	0.0831	3.917	0.676	4.614
p001	16	271	5	33704	33704	0.0831	0.5529	0.733	0.0640	3.912	0.675	4.609
p001	17	33704	6	82	82	2.3649	2.1751	0.689	0.0648	3.772	0.663	4.444
p001	18	82	7	2222	2222	2.6435	2.5396	0.569	0.0587	3.894	0.665	4.575
p001	19	2222	8	383	383	2.3572	2.4173	0.742	0.0577	3.910	0.668	4.594
p001	20	383	9	8964	8964	4.3804	3.8918	0.720	0.0701	3.791	0.668	4.485
p001	21	8964	10	1521	1521	0.4340	0.8895	1.295	0.0676	3.905	0.668	4.595
p001	22	1521	11	279	279	0.7962	0.8605	1.000	0.0793	3.799	0.674	4.489
p001	23	279	12	35003	11247	0.3249	0.1208	1.373	0.1400	3.897	0.668	4.590
p001	24	35003	13	314	579	3.6821				3.861	0.667	4.544
p001	25	314	14	279	93829	0.0133				3.936	0.666	4.617
p001	26	279	15	8964	35003	1.1476				4.002	0.674	4.685
p001	27	8964	16	579	10814	3.6528				3.795	0.676	4.486
p001	28	579	17	7772	279	2.9441				3.908	0.675	4.592
p001	29	7772	18	10814	7806	0.6156				3.904	0.674	4.594
p001	30	10814	19	279	579	1.2446				3.909	0.663	4.597
p001	31	279	20	15127	9686	0.5140				3.945	0.667	4.636
p001	32	15127	21	310	1752	3.6519				3.844	0.669	4.538
p001	33	310	22	6206	310	1.3894				3.924	0.675	4.608
p001	34	6206	23	11	6206	0.6422				3.855	0.675	4.537
p001	35	11	24	864	11	0.4696				3.889	0.668	4.571
p001	36	864	25	369	57805	1.6732				3.991	0.675	4.675
p001	37	369	26	3069	279	1.5757				3.956	0.666	4.636
p001	38	3069	27	15127	15127	1.2440				3.886	0.673	4.566
p001	39	15127	28	2222	13	2.3634				3.850	0.667	4.540
p001	40	2222	29	383	248046	0.9204				3.830	0.668	4.513
p001	41	383	30	8964	198	4.4518				3.918	0.671	4.598
p001	42	8964	31	13	248046	3.0172				3.859	0.667	4.541
p002	0	814								3.840		3.864
p002	1	20139								4.029		4.044
p002	2	3069								4.006		4.022
p002	3	15127								3.864		3.888
p002	4	2222								3.790		3.805
p002	5	383								3.770		3.785
p002	6	8964								3.867		3.882
p002	7	310								3.840		3.855
p002	8	264								3.869		3.884
p002	9	5286								3.811		3.827
p002	10	852								3.928		3.952
p002	11	369								3.894		3.915
p002	12	491								3.907		3.917
p002	13	310								3.909		3.919
p002	14	279								3.830		3.839
p002	15	8282								3.845		3.861
p002	16	13	0	271	271	3.5745	3.6048	1.005	0.0945	3.947	0.668	4.640
p002	17	271	1	248068	248068	3.3836	3.2250	0.834	0.0680	3.879	0.668	4.557
p002	18	248068	2	271	271	1.2514	1.2626	0.577	0.0544	3.733	0.668	4.427
p002	19	271	3	248069	248069	3.6093	4.1373	1.811	0.1755	3.840	0.668	4.524
p002	20	248069	4	271	271	8.8683	8.8868	0.562	0.0644	3.892	0.676	4.578
p002	21	271	5	2	2	3.4862	3.5856	0.684	0.0565	3.922	0.668	4.616
p002	22	2	6	8169	8169	0.8153	0.7370	0.831	0.0776	3.957	0.666	4.637
p002	23	8169	7	64932	64932	1.0270	1.2386	0.897	0.0539	3.897	0.675	4.582
p002	24	64932	8	10079	10079	5.1445	5.0662	0.671	0.0339	3.869	0.668	4.553
p002	25	10079	9	383	383	1.3286	1.5125	0.922	0.0651	3.831	0.675	4.527
p002	26	383	10	8964	8964	6.8491	7.3249	0.998	0.0481	3.822	0.668	4.505
p002	27	8964	11	271	271	3.0081	2.6291	1.337	0.0854	3.927	0.668	4.612
p002	28	271	12	550	550	1.6464	1.8055	1.028	0.0681	3.942	0.668	4.625
p002	29	550	13	27416	27416	0.2206	0.6694	0.797	0.0739	3.852	0.666	4.543
p002	30	27416	14	271	271	2.5617	2.3882	0.967	0.0786	3.913	0.666	4.594
p002	31	271	15	33704	33704	1.9613	1.5407	1.090	0.0962	3.901	0.670	4.580
p002	32	33704	16	82	82	2.8017	2.6796	0.650	0.0582	3.847	0.676	4.547
p002	33	82	17	2222	2222	0.1692	0.3801	1.137	0.1125	3.789	0.677	4.491
p002	34	2222	18	383	383	2.1297	2.3827	0.866	0.0616	3.819	0.668	4.503
p002	35	383	19	8964	8964	4.8844	4.7277	1.152	0.0765	3.886	0.667	4.569
p002	36	8964	20	1521	1521	0.9382	0.8294	1.499	0.1008	3.902	0.674	4.602
p002	37	1521	21	314	314	0.1214	0.2569	0.962	0.0840	3.991	0.665	4.672
p002	38	314	22	279	279	1.7739	1.8593	1.265	0.0872	3.832	0.668	4.523
p002	39	279	23	35003	35003	0.3028	0.6107	0.911	0.0743	3.843	0.671	4.523
p002	40	35003	24	314	314	2.6746	2.9113	0.904	0.0642	3.904	0.672	4.586
p002	41	314	25	279	279	0.9194	0.8584	0.866	0.0822	3.842	0.675	4.527
p002	42	279	26	8964	8964	0.7330	0.5989	1.057	0.0771	3.757	0.674	4.447
p002	43	8964	27	579	579	2.2629	2.4639	1.390	0.1037	3.879	0.667	4.562
p002	44	579	28	7772	7772	3.0543	3.0049	0.900	0.0743	3.901	0.675	4.586
p002	45	7772	29	13	13	0.4727	1.0238	1.258	0.0791	3.850	0.673	4.532
p002	46	13	30	1061	1061	0.1257	0.1086	1.078	0.1037	3.893	0.675	4.578
p002	47	1061	31	369	369	0.8408	0.6730	1.003	0.0904	3.913	0.668	4.598
p003	0	33963								3.696		3.712
p003	1	2250								3.946		3.962
p003	2	1328								3.935		3.950
p003	3	12688								3.775		3.782
p003	4	883								3.774		3.791
p003	5	3069								3.826		3.850
p003	6	15127								3.854		3.869
p003	7	2222								3.941		3.950
p003	8	383								3.780		3.805
p003	9	8964								3.847		3.865
p003	10	13	0	271	271	2.5371	2.7607	0.660	0.0721	3.853	0.667	4.537
p003	11	271	1	248068	248068	1.5623	1.9382	0.660	0.0690	3.908	0.675	4.608
p003	12	248068	2	271	271	1.1612	1.1765	0.605	0.0485	3.796	0.675	4.481
p003	13	271	3	248069	248069	9.8553	8.4459	1.844	0.1495	3.873	0.671	4.550
p003	14	248069	4	271	271	9.8365	9.3702	1.369	0.0643	3.946	0.675	4.637
p003	15	271	5	8160	8160	1.3857	1.0078	0.632	0.0443	3.940	0.666	4.623
p003	16	8160	6	513	513	6.0100	5.9719	0.498	0.0419	3.884	0.668	4.570
p003	17	513	7	2250	2250	6.3098	5.9030	0.540	0.0411	3.868	0.668	4.553
p003	18	2250	8	1328	1328	4.7312	4.8426	0.849	0.0444	3.892	0.675	4.576
p003	19	1328	9	12688	12688	5.5248	5.5752	0.801	0.0673	3.793	0.675	4.478
p003	20	12688	10	883	883	3.8351	3.5179	0.760	0.0610	3.848	0.672	4.528
p003	21	883	11	3069	3069	2.5255	2.5750	0.872	0.0584	3.925	0.668	4.619
p003	22	3069	12	15127	15127	5.1656	5.1102	0.716	0.0661	3.933	0.667	4.616
p003	23	15127	13	2222	2222	4.8443	4.9560	0.647	0.0570	3.854	0.668	4.538
p003	24	2222	14	383	383	2.8959	3.0194	1.217	0.0647	3.937	0.674	4.621
p003	25	383	15	8964	8964	8.4196	8.4397	0.953	0.0807	3.841	0.665	4.522
p003	26	8964	16	25	25	2.8781	2.8933	1.176	0.0962	3.850	0.666	4.541
p003	27	25	17	271	271	7.7312	7.9783	1.377	0.1119	3.833	0.674	4.524
p003	28	271	18	16	16	1.1196	1.2253	0.765	0.0627	3.886	0.667	4.569
p003	29	16	19	13	13	5.7884	5.7427	0.919	0.1083	3.893	0.668	4.577
p003	30	13	20	2972	2972	2.5388	2.5425	1.927	0.1479	3.917	0.675	4.607
p003	31	2972	21	760	760	0.4505	0.5882	1.450	0.0962	3.847	0.672	4.527
p003	32	760	22	8964	35003	0.1683	0.0082	1.226	0.1037	3.877	0.672	4.562
p003	33	8964	23	579	314	2.2392				3.836	0.676	4.526
p003	34	579	24	93829	8964	0.2286				3.870	0.668	4.548
p003	35	93829	25	35003	579	7.0401				3.915	0.666	4.597
p003	36	35003	26	369	7772	0.1081				3.845	0.668	4.538
p003	37	369	27	279	369	0.6952				3.753	0.666	4.435
p003	38	279	28	5839	279	3.4222				3.837	0.668	4.530
p003	39	5839	29	5404	5839	2.6118				3.849	0.667	4.532
p003	40	5404	30	159029	5404	1.3088				3.875	0.674	4.558
p003	41	159029	31	561	159029	0.4341				3.800	0.673	4.482
p004	0	826								3.965		3.989
p004	1	279								3.960		3.976
p004	2	1822								3.827		3.852
p004	3	10814								3.845		3.859
p004	4	321								3.855		3.881
p004	5	6043								3.869		3.879
p004	6	314								3.889		3.914
p004	7	3069								3.877		3.892
p004	8	15127								3.905		3.913
p004	9	2222								3.846		3.853
p004	10	383								3.866		3.879
p004	11	8964								3.891		3.900
p004	12	13	0	271	271	2.2023	2.3748	0.986	0.0764	3.866	0.673	4.547
p004	13	271	1	248068	248068	3.2755	3.3191	0.816	0.0674	3.865	0.667	4.543
p004	14	248068	2	271	271	0.9428	0.9116	0.552	0.0497	3.963	0.670	4.642
p004	15	271	3	248069	248069	4.8397	5.4388	1.321	0.1246	4.033	0.666	4.716
p004	16	248069	4	271	271	10.8988	10.6197	0.641	0.0720	4.035	0.671	4.716
p004	17	271	5	2	2	1.8908	1.9843	0.664	0.0393	3.924	0.668	4.608
p004	18	2	6	4545	4545	0.7345	0.3623	1.011	0.0952	3.842	0.666	4.525
p004	19	4545	7	70523	70523	2.9440	3.5630	1.423	0.1082	3.939	0.668	4.625
p004	20	70523	8	321	321	0.8323	0.8748	1.178	0.0805	3.893	0.667	4.576
p004	21	321	9	28193	28193	6.4714	6.7692	0.931	0.0752	3.852	0.667	4.534
p004	22	28193	10	314	314	3.2267	3.7976	1.133	0.0864	3.838	0.666	4.530
p004	23	314	11	13855	13855	0.7236	0.8478	0.845	0.0672	3.968	0.668	4.653
p004	24	13855	12	278	278	5.0248	4.8917	0.604	0.0377	3.867	0.668	4.543
p004	25	278	13	27227	27227	0.0405	0.4243	1.104	0.0801	3.869	0.669	4.563
p004	26	27227	14	383	383	0.1224	0.3175	1.032	0.0976	3.787	0.650	4.452
p004	27	383	15	8964	8964	5.3407	5.5709	0.947	0.0743	3.788	0.675	4.470
p004	28	8964	16	271	271	3.8724	3.8773	1.275	0.1061	3.957	0.666	4.639
p004	29	271	17	550	550	3.0988	3.2221	0.879	0.0569	3.892	0.675	4.577
p004	30	550	18	4545	4545	1.8665	1.3849	0.702	0.0697	3.776	0.675	4.473
p004	31	4545	19	70523	70523	3.6549	3.7391	1.143	0.0714	3.927	0.667	4.611
p004	32	70523	20	314	314	0.2720	0.5294	0.822	0.0680	3.888	0.675	4.573
p004	33	314	21	13855	13855	2.9207	2.7009	0.952	0.0698	3.929	0.666	4.611
p004	34	13855	22	278	278	6.4646	6.6556	0.821	0.0608	4.044	0.667	4.738
p004	35	278	23	27227	27227	1.4526	1.8214	0.981	0.0735	3.863	0.675	4.548
p004	36	27227	24	271	271	1.0431	0.3081	1.022	0.0916	3.859	0.674	4.555
p004	37	271	25	13962	13962	0.1766	0.3178	0.909	0.0628	3.950	0.675	4.635
p004	38	13962	26	220	220	1.7913	2.3669	1.121	0.0926	3.970	0.668	4.653
p004	39	220	27	16	16	5.5490	5.8415	1.450	0.1318	3.964	0.668	4.648
p004	40	16	28	13	13	3.6621	4.2658	1.629	0.1975	3.857	0.668	4.550
p004	41	13	29	561	8964	0.0121	0.2235	1.192	0.0951	3.876	0.666	4.568
p004	42	561	30	8964	579	0.3284				3.957	0.675	4.641
p004	43	8964	31	579	81544	1.2342				3.865	0.667	4.548
p005	0	26487								3.842		3.851
p005	1	1330								3.891		3.906
p005	2	4047								3.893		3.908
p005	3	6001								3.845		3.861
p005	4	883								3.777		3.792
p005	5	3069								3.842		3.857
p005	6	15127								3.878		3.894
p005	7	2222								3.854		3.864
p005	8	383								3.862		3.879
p005	9	8964								3.791		3.811
p005	10	13	0	271	271	1.6090	1.5116	0.695	0.0566	3.947	0.674	4.632
p005	11	271	1	248068	248068	3.2186	3.7712	0.736	0.0606	3.868	0.667	4.552
p005	12	248068	2	271	271	1.0284	1.0218	0.503	0.0523	3.849	0.673	4.538
p005	13	271	3	248069	248069	4.5765	4.2089	2.885	0.2970	3.940	0.667	4.618
p005	14	248069	4	271	271	10.9272	10.9104	0.653	0.0648	3.891	0.674	4.581
p005	15	271	5	2	2	1.9843	2.1226	0.743	0.0471	3.893	0.675	4.577
p005	16	2	6	8771	8771	0.5623	0.4987	0.887	0.0785	3.848	0.675	4.533
p005	17	8771	7	7474	7474	0.3488	0.8945	0.798	0.0667	3.837	0.669	4.525
p005	18	7474	8	24152	24152	3.6585	4.0686	0.571	0.0488	3.873	0.675	4.558
p005	19	24152	9	383	383	2.7655	2.4168	0.930	0.0662	3.913	0.675	4.614
p005	20	383	10	8169	8169	0.4575	0.9205	0.791	0.0665	3.814	0.668	4.509
p005	21	8169	11	64932	64932	4.7239	4.5864	0.623	0.0380	3.792	0.667	4.485
p005	22	64932	12	10079	10079	4.4754	4.8809	0.610	0.0320	3.856	0.664	4.537
p005	23	10079	13	271	271	1.1827	1.0131	1.315	0.1169	3.790	0.675	4.472
p005	24	271	14	550	550	3.0385	3.4197	0.835	0.0722	3.852	0.668	4.545
p005	25	550	15	2651	2651	0.9891	0.7977	0.623	0.0662	3.962	0.675	4.654
p005	26	2651	16	220	220	3.4009	3.3397	0.701	0.0557	3.798	0.667	4.483
p005	27	220	17	16	16	6.9306	6.7828	0.548	0.0492	3.958	0.674	4.645
p005	28	16	18	25	25	3.3787	3.7711	1.070	0.0951	3.788	0.668	4.473
p005	29	25	19	561	561	1.8409	1.8548	1.291	0.0823	3.885	0.675	4.578
p005	30	561	20	8964	8964	0.6002	0.4863	0.911	0.0713	3.922	0.674	4.612
p005	31	8964	21	579	579	2.2199	1.9950	1.179	0.0796	3.874	0.668	4.568
p005	32	579	22	81544	81544	0.8192	0.2804	1.305	0.0858	3.916	0.674	4.606
p005	33	81544	23	271	271	0.9407	0.7625	0.989	0.0697	3.826	0.676	4.527
p005	34	271	24	332	332	0.3438	0.5745	1.027	0.0882	3.979	0.675	4.670
p005	35	332	25	760	760	0.7115	0.6977	1.383	0.0893	3.862	0.666	4.555
p005	36	760	26	8964	8964	1.6339	1.8425	1.036	0.1099	3.914	0.674	4.603
p005	37	8964	27	579	579	1.4434	1.2520	1.089	0.0795	4.001	0.667	4.695
p005	38	579	28	25659	25659	1.7607	1.9743	1.049	0.0711	3.932	0.667	4.626
p005	39	25659	29	2094	2094	1.4215	1.2128	1.152	0.0784	3.915	0.674	4.614
p005	40	2094	30	279	279	4.7831	4.4938	0.865	0.0843	3.843	0.668	4.536
p005	41	279	31	7806	7806	3.2584	3.1582	0.955	0.0736	3.944	0.674	4.627
p006	0	72240								3.876		3.902
p006	1	264								3.988		4.003
p006	2	4145								3.855		3.880
p006	3	3010								3.929		3.939
p006	4	421								3.849		3.863
p006	5	30098								3.983		3.992
p006	6	3069								3.852		3.862
p006	7	15127								3.860		3.875
p006	8	2222								3.909		3.924
p006	9	383								3.903		3.919
p006	10	8964								3.864		3.871
p006	11	13	0	271	271	3.6855	3.8833	0.839	0.0755	3.918	0.675	4.609
p006	12	271	1	248068	248068	3.9233	3.9393	0.680	0.0531	3.910	0.675	4.611
p006	13	248068	2	271	271	1.1168	1.1228	0.565	0.0507	3.957	0.667	4.635
p006	14	271	3	248069	248069	6.2092	5.5557	1.279	0.1126	3.814	0.667	4.498
p006	15	248069	4	271	271	9.4575	9.2030	0.617	0.0581	3.851	0.667	4.532
p006	16	271	5	2	2	1.6982	1.6340	0.612	0.0442	3.857	0.667	4.540
p006	17	2	6	8169	8169	0.8234	0.6529	1.201	0.0782	3.929	0.674	4.620
p006	18	8169	7	64932	64932	3.8104	3.7497	0.648	0.0539	3.816	0.675	4.502
p006	19	64932	8	10079	10079	4.3213	4.1148	0.591	0.0305	3.877	0.673	4.559
p006	20	10079	9	383	383	1.1399	1.0208	0.940	0.0797	3.866	0.666	4.547
p006	21	383	10	8964	8964	7.7233	7.7716	1.030	0.0579	3.900	0.674	4.585
p006	22	8964	11	271	271	1.8352	1.6719	1.990	0.0942	3.855	0.683	4.549
p006	23	271	12	550	550	2.1486	2.5408	0.721	0.0494	3.865	0.675	4.550
p006	24	550	13	561	12996	0.0404	0.3432	0.751	0.0671	3.917	0.666	4.601
p006	25	561	14	8722	25	0.6375				3.822	0.669	4.508
p006	26	8722	15	12996	561	2.5722				3.902	0.665	4.584
p006	27	12996	16	271	8964	1.2056				4.084	0.668	4.767
p006	28	271	17	332	579	0.4044				3.885	0.671	4.564
p006	29	332	18	12929	64932	0.6635				3.932	0.673	4.614
p006	30	12929	19	64700	271	0.9893				3.882	0.675	4.573
p006	31	64700	20	357	13962	0.2891				3.936	0.667	4.620
p006	32	357	21	2972	561	0.0209				3.957	0.674	4.641
p006	33	2972	22	28267	21397	0.4491				3.810	0.673	4.493
p006	34	28267	23	332	271	0.9891				3.841	0.674	4.522
p006	35	332	24	303	760	0.2365				3.946	0.674	4.644
p006	36	303	25	279	8964	1.3448				3.916	0.667	4.598
p006	37	279	26	16430	579	0.3678				3.872	0.674	4.557
p006	38	16430	27	92465	15127	4.0452				3.794	0.667	4.476
p006	39	92465	28	13	513	0.4948				3.878	0.675	4.562
p006	40	13	29	271	10521	4.6483				3.792	0.665	4.473
p006	41	271	30	550	539	0.6175				3.897	0.674	4.580
p006	42	550	31	68868	1141	0.2131				3.792	0.674	4.476
p007	0	7734								3.994		4.003
p007	1	264								3.836		3.861
p007	2	2716								4.008		4.032
p007	3	50802								3.934		3.943
p007	4	364								3.898		3.914
p007	5	6618								3.801		3.823
p007	6	883								3.841		3.857
p007	7	3069								3.886		3.901
p007	8	15127								3.855		3.871
p007	9	2222								3.873		3.891
p007	10	383								3.835		3.850
p007	11	8964								3.935		3.945
p007	12	13	0	271	271	2.7175	3.1427	0.954	0.0852	3.763	0.672	4.443
p007	13	271	1	248068	248068	2.5898	2.5309	0.559	0.0392	3.948	0.667	4.632
p007	14	248068	2	271	271	1.4147	1.4267	0.637	0.0734	3.801	0.668	4.495
p007	15	271	3	248069	248069	8.6180	7.1324	2.845	0.2788	3.999	0.665	4.678
p007	16	248069	4	271	271	9.7341	9.5046	1.672	0.0705	3.845	0.678	4.540
p007	17	271	5	2	2	1.9246	1.9440	0.728	0.0541	3.906	0.666	4.598
p007	18	2	6	8169	8169	0.1329	0.0129	0.856	0.0650	3.953	0.665	4.645
p007	19	8169	7	64932	64932	2.7820	2.7923	0.869	0.0681	3.868	0.667	4.562
p007	20	64932	8	10079	10079	4.7318	4.6705	0.782	0.0438	3.852	0.669	4.538
p007	21	10079	9	383	383	0.7017	0.4105	1.051	0.0771	3.784	0.666	4.472
p007	22	383	10	8964	8964	7.7537	7.7182	0.858	0.0430	3.907	0.667	4.585
p007	23	8964	11	271	271	2.5236	2.3167	0.941	0.0929	3.906	0.675	4.592
p007	24	271	12	550	550	0.8218	0.8034	1.175	0.0679	3.849	0.675	4.534
p007	25	550	13	10838	10838	1.7960	2.1466	0.881	0.0875	4.005	0.675	4.690
p007	26	10838	14	234	234	2.6199	2.9035	0.467	0.0185	3.824	0.671	4.504
p007	27	234	15	235	235	3.6504	3.8299	0.557	0.0641	3.850	0.666	4.534
p007	28	235	16	8169	8169	0.0564	0.1829	1.051	0.0760	3.827	0.668	4.511
p007	29	8169	17	64932	64932	2.9093	2.9927	0.550	0.0404	3.897	0.675	4.588
p007	30	64932	18	10079	10079	5.1946	5.2618	0.773	0.0501	3.914	0.675	4.605
p007	31	10079	19	383	383	1.0225	1.0115	0.921	0.0778	3.902	0.668	4.595
p007	32	383	20	8964	8964	7.9268	8.0548	1.109	0.0943	3.860	0.675	4.551
p007	33	8964	21	271	271	2.5838	2.4024	1.403	0.0900	3.850	0.675	4.535
p007	34	271	22	13962	13962	0.0957	0.0764	0.852	0.0630	3.933	0.667	4.612
p007	35	13962	23	10838	220	0.1521	0.0568	0.768	0.0708	3.880	0.667	4.574
p007	36	10838	24	241	16	0.0671				3.786	0.667	4.469
p007	37	241	25	233	13	1.2136				3.937	0.668	4.621
p007	38	233	26	10382	561	0.0036				3.890	0.667	4.573
p007	39	10382	27	91690	7806	2.5935				3.908	0.667	4.593
p007	40	91690	28	271	579	2.5877				3.994	0.677	4.681
p007	41	271	29	12	12026	0.6128				3.965	0.654	4.630
p007	42	12	30	2972	198	0.0068				3.961	0.667	4.646
p007	43	2972	31	42373	12	1.1732				3.837	0.675	4.520
p008	0	1349								4.020		4.036
p008	1	799								4.011		4.020
p008	2	4047								3.875		3.891
p008	3	16036								3.853		3.868
p008	4	883								3.887		3.903
p008	5	3069								3.776		3.792
p008	6	15127								3.819		3.831
p008	7	2222								3.819		3.834
p008	8	383								3.802		3.819
p008	9	8964								3.821		3.846
p008	10	321								3.844		3.859
p008	11	4252								3.904		3.920
p008	12	424								3.877		3.892
p008	13	13	0	271	271	1.3030	1.3100	0.782	0.0780	3.799	0.667	4.482
p008	14	271	1	248068	248068	2.7149	2.3449	0.837	0.0730	3.879	0.667	4.564
p008	15	248068	2	271	271	1.0192	1.0412	0.584	0.0594	3.883	0.668	4.567
p008	16	271	3	248069	248069	5.0106	5.2875	0.997	0.1000	3.808	0.674	4.492
p008	17	248069	4	271	271	11.1546	11.2279	1.368	0.0723	3.902	0.673	4.598
p008	18	271	5	2	2	0.3821	0.5572	0.742	0.0485	3.835	0.667	4.528
p008	19	2	6	7474	7474	1.4719	1.4677	0.821	0.0718	3.822	0.667	4.506
p008	20	7474	7	32969	32969	3.9216	3.6140	1.038	0.1046	3.868	0.675	4.553
p008	21	32969	8	706	706	2.6246	2.3321	1.076	0.0859	3.985	0.667	4.671
p008	22	706	9	271	271	1.2228	0.7830	1.132	0.0877	3.851	0.674	4.536
p008	23	271	10	550	550	2.0866	2.2009	0.964	0.0738	3.825	0.675	4.510
p008	24	550	11	561	561	0.3078	0.5284	1.131	0.0843	3.899	0.672	4.579
p008	25	561	12	7474	7474	0.8250	0.8447	0.827	0.0730	3.841	0.675	4.526
p008	26	7474	13	32969	32969	4.3543	4.2177	0.707	0.0493	3.950	0.674	4.640
p008	27	32969	14	706	706	5.6337	6.0453	0.755	0.0593	3.884	0.668	4.579
p008	28	706	15	271	271	2.8338	2.7488	0.999	0.0989	3.878	0.666	4.569
p008	29	271	16	760	760	0.2630	0.3992	1.208	0.0889	3.852	0.668	4.535
p008	30	760	17	1379	1379	1.1671	1.2033	1.035	0.0721	3.768	0.666	4.453
p008	31	1379	18	4047	4047	2.2034	2.4236	0.700	0.0587	3.974	0.667	4.668
p008	32	4047	19	16036	16036	3.2710	3.2956	0.673	0.0486	3.999	0.667	4.682
p008	33	16036	20	369	369	0.5047	0.7155	0.951	0.0733	3.894	0.666	4.577
p008	34	369	21	2972	2972	0.2853	0.3177	0.832	0.0681	3.847	0.669	4.527
p008	35	2972	22	1856	1856	0.6345	0.4909	0.909	0.0651	4.042	0.667	4.720
p008	36	1856	23	8396	13660	0.0728	0.0188	1.053	0.0562	3.932	0.667	4.616
p008	37	8396	24	279	279	0.5405				3.847	0.675	4.537
p008	38	279	25	5073	4252	1.4069				3.861	0.672	4.549
p008	39	5073	26	314	4087	1.9964				3.936	0.667	4.619
p008	40	314	27	15127	159034	1.3750				3.959	0.668	4.643
p008	41	15127	28	159034	271	1.4286				3.948	0.668	4.633
p008	42	159034	29	271	550	2.0445				3.873	0.665	4.553
p008	43	271	30	550	561	1.3100				3.795	0.667	4.480
p008	44	550	31	561	38643	0.1919				3.897	0.667	4.581
p009	0	814								3.943		3.960
p009	1	20139								3.959		3.985
p009	2	3069								3.953		3.963
p009	3	15127								3.840		3.866
p009	4	2222								3.923		3.937
p009	5	383								3.823		3.839
p009	6	8964								3.814		3.830
p009	7	440								3.895		3.906
p009	8	264								3.872		3.889
p009	9	13769								3.962		3.972
p009	10	3010								3.944		3.959
p009	11	321								3.811		3.838
p009	12	799								3.891		3.900
p009	13	19662								3.952		3.977
p009	14	13	0	271	271	2.5755	2.8476	1.184	0.0757	3.963	0.673	4.663
p009	15	271	1	248068	248068	3.5602	3.2918	0.631	0.0527	3.800	0.665	4.493
p009	16	248068	2	271	271	1.0851	1.1348	0.487	0.0476	3.998	0.668	4.683
p009	17	271	3	248069	248069	4.2708	5.1654	1.622	0.1543	3.948	0.668	4.644
p009	18	248069	4	271	271	9.2202	9.5991	0.593	0.0658	3.954	0.666	4.636
p009	19	271	5	2	2	1.5896	1.7880	0.479	0.0333	3.869	0.666	4.562
p009	20	2	6	8169	8169	0.4871	0.5028	0.979	0.0748	3.809	0.667	4.493
p009	21	8169	7	64932	64932	3.8546	3.6884	0.874	0.0747	3.870	0.662	4.548
p009	22	64932	8	10079	10079	4.5141	4.4876	0.714	0.0332	3.829	0.666	4.513
p009	23	10079	9	383	383	2.0740	2.2951	0.801	0.0628	3.927	0.675	4.613
p009	24	383	10	8964	8964	7.3826	7.2603	0.801	0.0497	3.893	0.667	4.576
p009	25	8964	11	271	271	1.1148	1.1846	0.851	0.0774	3.810	0.668	4.489
p009	26	271	12	550	550	3.7664	3.5488	0.714	0.0468	3.763	0.669	4.459
p009	27	550	13	8169	8169	0.2145	0.0310	0.798	0.0695	3.853	0.668	4.537
p009	28	8169	14	64932	64932	4.2065	4.0573	0.815	0.0528	3.979	0.668	4.665
p009	29	64932	15	10079	10079	5.0102	5.5701	0.676	0.0350	3.926	0.667	4.611
p009	30	10079	16	383	383	1.2021	1.4185	1.031	0.0748	3.920	0.675	4.605
p009	31	383	17	8964	8964	7.4014	7.3736	0.884	0.0663	3.884	0.673	4.568
p009	32	8964	18	271	271	3.4949	3.9014	0.961	0.0976	3.947	0.668	4.631
p009	33	271	19	13962	13962	0.3523	0.2296	0.596	0.0431	3.880	0.666	4.563
p009	34	13962	20	561	561	1.1797	1.3298	0.811	0.0671	3.954	0.674	4.644
p009	35	561	21	9237	9237	1.4614	1.4838	1.170	0.0856	3.755	0.672	4.444
p009	36	9237	22	25905	25905	0.7542	0.5914	0.875	0.0588	3.989	0.667	4.673
p009	37	25905	23	271	271	1.6668	2.0746	0.836	0.0805	3.832	0.668	4.519
p009	38	271	24	760	760	0.8477	0.5808	0.636	0.0555	3.824	0.676	4.516
p009	39	760	25	5839	5839	1.2979	1.1266	1.016	0.0858	3.852	0.669	4.547
p009	40	5839	26	2781	2781	1.4076	1.3614	0.704	0.0443	3.841	0.673	4.523
p009	41	2781	27	15127	15127	1.0302	0.9954	0.551	0.0480	3.773	0.675	4.459
p009	42	15127	28	2222	2222	3.1241	3.3296	0.630	0.0546	3.992	0.675	4.677
p009	43	2222	29	383	383	0.4273	0.7153	0.875	0.0664	3.941	0.666	4.624
p009	44	383	30	8964	8964	7.5728	7.4825	1.240	0.0816	3.869	0.667	4.553
p009	45	8964	31	369	369	5.0499	4.9729	1.708	0.0872	3.845	0.620	4.491
p010	0	33963								3.841		3.859
p010	1	264								4.068		4.094
p010	2	16097								3.879		3.901
p010	3	4087								3.899		3.913
p010	4	883								3.890		3.900
p010	5	3069								3.780		3.787
p010	6	15127								3.845		3.853
p010	7	2222								3.860		3.878
p010	8	383								3.873		3.881
p010	9	8964								3.960		3.977
p010	10	11								3.823		3.833
p010	11	1608								3.946		3.963
p010	12	13983								3.903		3.921
p010	13	3992								3.820		3.846
p010	14	321								3.967		3.974
p010	15	11128								3.822		3.838
p010	16	7123								3.820		3.846
p010	17	13	0	271	271	2.6619	2.4225	0.669	0.0721	3.837	0.675	4.523
p010	18	271	1	248068	248068	3.1788	2.9029	0.744	0.0484	3.855	0.671	4.533
p010	19	248068	2	271	271	1.4264	1.4576	0.557	0.0487	3.815	0.674	4.507
p010	20	271	3	248069	248069	9.5434	9.8146	1.313	0.0973	3.803	0.665	4.485
p010	21	248069	4	271	271	10.7276	10.8722	0.679	0.0753	3.848	0.673	4.538
p010	22	271	5	2	2	2.8718	2.9673	0.659	0.0470	3.790	0.667	4.483
p010	23	2	6	8169	8169	1.2086	1.5035	0.984	0.0898	3.948	0.667	4.642
p010	24	8169	7	64932	64932	2.1550	2.1298	0.589	0.0507	3.972	0.675	4.659
p010	25	64932	8	10079	10079	5.3847	5.4408	0.802	0.0444	3.859	0.673	4.543
p010	26	10079	9	383	383	1.4247	1.4709	0.927	0.0787	3.843	0.668	4.528
p010	27	383	10	8964	8964	7.9433	8.1182	0.736	0.0524	4.033	0.675	4.719
p010	28	8964	11	271	271	2.3212	2.7158	1.331	0.0969	3.880	0.669	4.558
p010	29	271	12	550	550	2.7763	2.9725	1.041	0.0570	3.838	0.667	4.516
p010	30	550	13	43934	43934	0.0700	0.4037	0.894	0.0785	3.795	0.675	4.493
p010	31	43934	14	13855	13855	0.4305	0.3889	0.819	0.0535	3.756	0.674	4.446
p010	32	13855	15	278	278	4.1119	4.3952	0.809	0.0551	3.932	0.671	4.613
p010	33	278	16	27227	27227	0.3333	0.2585	0.855	0.0612	3.904	0.668	4.589
p010	34	27227	17	271	271	1.4900	1.4823	1.025	0.0875	3.859	0.676	4.546
p010	35	271	18	13962	332	0.2265	0.2172	1.428	0.0643	3.824	0.674	4.507
p010	36	13962	19	14392	8046	2.6011				3.890	0.668	4.569
p010	37	14392	20	220	220	1.7602				3.772	0.667	4.457
p010	38	220	21	16	16	7.4099				3.880	0.675	4.571
p010	39	16	22	25	25	4.5668				3.874	0.674	4.558
p010	40	25	23	62366	62366	2.2312				3.902	0.667	4.586
p010	41	62366	24	279	279	3.4667				3.941	0.667	4.635
p010	42	279	25	9237	5073	0.1803				3.847	0.674	4.546
p010	43	9237	26	15380	159029	1.6831				3.907	0.675	4.591
p010	44	15380	27	198	64932	0.3757				3.994	0.675	4.679
p010	45	198	28	760	2222	1.1997				3.843	0.676	4.537
p010	46	760	29	3296	1521	0.8057				3.957	0.667	4.641
p010	47	3296	30	16561	8964	3.3767				3.892	0.675	4.576
p010	48	16561	31	3069	579	0.1832				3.839	0.668	4.533
