instance	pa	off	adt_mask	adt_value	trace135_value	derived_reset_bits	iboot_j414c	linux
DARTLLT	0x28580020c	0x20c	0xff0000b7	0xe40000b7	not written		iBoot tables at 0x1de5fc,0x1de710	reset default (never written)
DARTLLT	0x285800220	0x220	0x000f0f0f	0x000f0f0f	not written		iBoot tables at 0x1de5fc,0x1de710	reset default (never written)
DARTLLT	0x285800224	0x224	0x00ffffff	0x00080808	not written		iBoot tables at 0x1de5fc,0x1de710	reset default (never written)
DARTLLT	0x285800300	0x300	0x00001f31	0x00000001	not written		iBoot tables at 0x1de5fc,0x1de710	reset default (never written)
DARTLLT	0x285800308	0x308	0x3ffffffc	0x10000000	not written		iBoot tables at 0x1de5fc,0x1de710	reset default (never written)
DARTLLT	0x285800310	0x310	0x3ffffffc	0x3ffffffc	not written		iBoot tables at 0x1de5fc,0x1de710	reset default (never written)
DARTBRD	0x28581020c	0x20c	0xff0000b7	0xe40000b7	0xe40000ff	bits outside the mask before the write: 0x00000048 (of 0x00ffff48)	iBoot tables at 0x1de5fc,0x1de710	reset default (never written)
DARTBRD	0x285810220	0x220	0x000f0f0f	0x000f0f0f	0x000f0f0f	bits outside the mask before the write: 0x00000000 (of 0xfff0f0f0)	iBoot tables at 0x1de5fc,0x1de710	reset default (never written)
DARTBRD	0x285810224	0x224	0x00ffffff	0x00080808	0x00080808	bits outside the mask before the write: 0x00000000 (of 0xff000000)	iBoot tables at 0x1de5fc,0x1de710	reset default (never written)
DARTBRD	0x285810300	0x300	0x00001f31	0x00000001	0x00000001	bits outside the mask before the write: 0x00000000 (of 0xffffe0ce)	iBoot tables at 0x1de5fc,0x1de710	reset default (never written)
DARTBRD	0x285810308	0x308	0x3ffffffc	0x10000000	0x10000000	bits outside the mask before the write: 0x00000000 (of 0xc0000003)	iBoot tables at 0x1de5fc,0x1de710	reset default (never written)
DARTBRD	0x285810310	0x310	0x3ffffffc	0x3ffffffc	0x3fffffff	bits outside the mask before the write: 0x00000003 (of 0xc0000003)	iBoot tables at 0x1de5fc,0x1de710	reset default (never written)
DARTBRD	0x285810800	0x800	0x000f007f	0x00060000	0x00060000	bits outside the mask before the write: 0x00000000 (of 0xfff0ff80)	iBoot tables at 0x1de5fc,0x1de710	reset default (never written)
DARTBRD	0x285810804	0x804	0x000f007f	0x00060000	0x00060000	bits outside the mask before the write: 0x00000000 (of 0xfff0ff80)	iBoot tables at 0x1de5fc,0x1de710	reset default (never written)
DARTBRD	0x285810808	0x808	0x000f007f	0x00030040	0x00030040	bits outside the mask before the write: 0x00000000 (of 0xfff0ff80)	iBoot tables at 0x1de5fc	reset default (never written)
DARTBRD	0x28581080c	0x80c	0x000f007f	0x00030040	0x00030040	bits outside the mask before the write: 0x00000000 (of 0xfff0ff80)	iBoot tables at 0x1de5fc	reset default (never written)
DARTBRD	0x285810810	0x810	0x000f007f	0x00030040	0x00030040	bits outside the mask before the write: 0x00000000 (of 0xfff0ff80)	iBoot tables at 0x1de5fc	reset default (never written)
DARTBRD	0x285810814	0x814	0x000f007f	0x00010048	0x00010048	bits outside the mask before the write: 0x00000000 (of 0xfff0ff80)	iBoot tables at 0x1de5fc	reset default (never written)
DARTBRD	0x285810818	0x818	0x000f007f	0x00010048	0x00010048	bits outside the mask before the write: 0x00000000 (of 0xfff0ff80)	iBoot tables at 0x1de5fc	reset default (never written)
DARTBRD	0x28581081c	0x81c	0x000f007f	0x00010048	0x00010048	bits outside the mask before the write: 0x00000000 (of 0xfff0ff80)	iBoot tables at 0x1de5fc	reset default (never written)
DARTBRD	0x285810820	0x820	0x000f007f	0x00010048	0x00010048	bits outside the mask before the write: 0x00000000 (of 0xfff0ff80)	iBoot tables at 0x1de5fc	reset default (never written)
DARTBRD	0x285810824	0x824	0x000f007f	0x00010048	0x00010048	bits outside the mask before the write: 0x00000000 (of 0xfff0ff80)	iBoot tables at 0x1de5fc	reset default (never written)
DARTBRD	0x285810828	0x828	0x000f007f	0x00010048	0x00010048	bits outside the mask before the write: 0x00000000 (of 0xfff0ff80)	iBoot tables at 0x1de5fc	reset default (never written)
DARTBRD	0x28581082c	0x82c	0x000f007f	0x00010048	0x00010048	bits outside the mask before the write: 0x00000000 (of 0xfff0ff80)	iBoot tables at 0x1de5fc	reset default (never written)
DARTBRD	0x285810830	0x830	0x000f007f	0x00010048	0x00010048	bits outside the mask before the write: 0x00000000 (of 0xfff0ff80)	iBoot tables at 0x1de5fc	reset default (never written)
DARTBRD	0x285810834	0x834	0x000f007f	0x00010048	0x00010048	bits outside the mask before the write: 0x00000000 (of 0xfff0ff80)	iBoot tables at 0x1de5fc	reset default (never written)
DARTBRD	0x285810838	0x838	0x000f007f	0x00010048	0x00010048	bits outside the mask before the write: 0x00000000 (of 0xfff0ff80)	iBoot tables at 0x1de5fc	reset default (never written)
DARTBRD	0x28581083c	0x83c	0x000f007f	0x00010048	0x00010048	bits outside the mask before the write: 0x00000000 (of 0xfff0ff80)	iBoot tables at 0x1de5fc	reset default (never written)
DARTBWR	0x28582020c	0x20c	0xff0000b7	0xe40000b7	0xe40000ff	bits outside the mask before the write: 0x00000048 (of 0x00ffff48)	iBoot tables at 0x1de5fc,0x1de710	reset default (never written)
DARTBWR	0x285820220	0x220	0x000f0f0f	0x000f0f0f	0x000f0f0f	bits outside the mask before the write: 0x00000000 (of 0xfff0f0f0)	iBoot tables at 0x1de5fc,0x1de710	reset default (never written)
DARTBWR	0x285820224	0x224	0x00ffffff	0x00080808	0x00080808	bits outside the mask before the write: 0x00000000 (of 0xff000000)	iBoot tables at 0x1de5fc,0x1de710	reset default (never written)
DARTBWR	0x285820300	0x300	0x00001f31	0x00000001	0x00000001	bits outside the mask before the write: 0x00000000 (of 0xffffe0ce)	iBoot tables at 0x1de5fc,0x1de710	reset default (never written)
DARTBWR	0x285820308	0x308	0x3ffffffc	0x10000000	0x10000000	bits outside the mask before the write: 0x00000000 (of 0xc0000003)	iBoot tables at 0x1de5fc,0x1de710	reset default (never written)
DARTBWR	0x285820310	0x310	0x3ffffffc	0x3ffffffc	0x3fffffff	bits outside the mask before the write: 0x00000003 (of 0xc0000003)	iBoot tables at 0x1de5fc,0x1de710	reset default (never written)
DARTBWR	0x285820800	0x800	0x000f007f	0x00060000	0x00060000	bits outside the mask before the write: 0x00000000 (of 0xfff0ff80)	iBoot tables at 0x1de5fc,0x1de710	reset default (never written)
DARTBWR	0x285820804	0x804	0x000f007f	0x00060000	0x00060000	bits outside the mask before the write: 0x00000000 (of 0xfff0ff80)	iBoot tables at 0x1de5fc,0x1de710	reset default (never written)
DARTBWR	0x285820808	0x808	0x000f007f	0x00010040	0x00010040	bits outside the mask before the write: 0x00000000 (of 0xfff0ff80)	iBoot tables at 0x1de710	reset default (never written)
DARTBWR	0x28582080c	0x80c	0x000f007f	0x00010040	0x00010040	bits outside the mask before the write: 0x00000000 (of 0xfff0ff80)	iBoot tables at 0x1de710	reset default (never written)
DARTBWR	0x285820810	0x810	0x000f007f	0x00010040	0x00010040	bits outside the mask before the write: 0x00000000 (of 0xfff0ff80)	iBoot tables at 0x1de710	reset default (never written)
DARTBWR	0x285820814	0x814	0x000f007f	0x00010040	0x00010040	bits outside the mask before the write: 0x00000000 (of 0xfff0ff80)	iBoot tables at 0x1de710	reset default (never written)
DARTBWR	0x285820818	0x818	0x000f007f	0x00010040	0x00010040	bits outside the mask before the write: 0x00000000 (of 0xfff0ff80)	iBoot tables at 0x1de710	reset default (never written)
DARTBWR	0x28582081c	0x81c	0x000f007f	0x00010040	0x00010040	bits outside the mask before the write: 0x00000000 (of 0xfff0ff80)	iBoot tables at 0x1de710	reset default (never written)
DARTBWR	0x285820820	0x820	0x000f007f	0x00010040	0x00010040	bits outside the mask before the write: 0x00000000 (of 0xfff0ff80)	iBoot tables at 0x1de710	reset default (never written)
DARTBWR	0x285820824	0x824	0x000f007f	0x00010040	0x00010040	bits outside the mask before the write: 0x00000000 (of 0xfff0ff80)	iBoot tables at 0x1de710	reset default (never written)
DARTBWR	0x285820828	0x828	0x000f007f	0x00010040	0x00010040	bits outside the mask before the write: 0x00000000 (of 0xfff0ff80)	iBoot tables at 0x1de710	reset default (never written)
DARTBWR	0x28582082c	0x82c	0x000f007f	0x00010040	0x00010040	bits outside the mask before the write: 0x00000000 (of 0xfff0ff80)	iBoot tables at 0x1de710	reset default (never written)
DARTBWR	0x285820830	0x830	0x000f007f	0x00010040	0x00010040	bits outside the mask before the write: 0x00000000 (of 0xfff0ff80)	iBoot tables at 0x1de710	reset default (never written)
DARTBWR	0x285820834	0x834	0x000f007f	0x00010040	0x00010040	bits outside the mask before the write: 0x00000000 (of 0xfff0ff80)	iBoot tables at 0x1de710	reset default (never written)
DARTBWR	0x285820838	0x838	0x000f007f	0x00010040	0x00010040	bits outside the mask before the write: 0x00000000 (of 0xfff0ff80)	iBoot tables at 0x1de710	reset default (never written)
DARTBWR	0x28582083c	0x83c	0x000f007f	0x00010040	0x00010040	bits outside the mask before the write: 0x00000000 (of 0xfff0ff80)	iBoot tables at 0x1de710	reset default (never written)
