rank	block	registers	macOS	Linux	plausibility	reason	evidence
1	dart-ane1(BRD), dart-ane2(BWR)	0x20c, 0x220, 0x224; per-SID 0x800-0x83c	RMW at init (sid0 field[19:16]=6, field[6:0]=0)	reset default	high	bulk-read and bulk-write DARTs carry the weight and activation DMA [INFERENCE from the instance names]; 0x220/0x224 carry the same values as m1n1's T8103 ANE DART tunables 0x68/0x6c	trace evt 2857-2878, 2887-2908; ADT dart-tunables-instance-1/2; iBoot j414c tables 0x1de5fc/0x1de710; m1n1 tunables_static.c:92-97
2	dart-ane0/1/2	0x300=enable, 0x308/0x310 = DVA window 0x100_0000_0000..0x3ff_ffff_c000	enabled on BRD/BWR (27.0: also LLT)	reset default; BO IOVAs below 4 GiB (32-bit DMA mask)	medium (semantics unknown)	a DVA-qualified DART feature; Linux BOs sit outside the window even if it were enabled	trace evt 2860-2862, 2890-2892; ADT vm-base/vm-size; rtclient_main.c:1910
3	pmp (DVFS for SOC0_ANE_SYS)	PMP ASC 0x28ec00000, SRAM 0x28e700000	PMP firmware runs (ApplePMPFirmware)	pmp node disabled; ps_pmp powered via dart-ane0	high for the clock-bound 41%; trace cannot see it	the operating point of the ANE is PMP/firmware-owned on T6021 (no AP pmgr perf path)	findings sections 19 and 27; not in the trace windows
4	engine-low(AXI2AF bridge)	0x038, 0x03c, 0x600, 0x738, 0x798, 0x7f8, 0x900, 0x410, 0x420, 0x430	never written	written at P-1 (7 with m1n1 T8103 values, 0x410/0x420/0x430 = 0x1100)	medium	Linux-only writes in the AXI2AF bridge page (AfBridge: bridge base = engine base); AfBridgeRun S3 kept them	boot.h:555-582; m1n1 v1.6.1 src/tunables_static.c:79-89; trace evt 2816-2841 (macOS writes 26 other offsets)
5	dart-ane0(LLT)	0x20c, 0x220, 0x224, 0x300, 0x308, 0x310	27.0 ADT carries them; the 13.5 trace writes none	reset default	low-medium	LLT carries the firmware's own fetches and descriptors, not the bulk streams [INFERENCE from the instance names]	ADT dart-tunables-instance-0; trace evt 2843-2850
6	dapf-ane(LLT) + TCR[15]=BYPASS	0x285804000; TCR[15]	TCR[15]=0x2; DAPF allow-list: ANE island ps words, ps_ane_sys, 3 foreign 4-byte registers	neither; the PMU page is mapped IOVA==PA through sid 0	low-medium	the firmware's direct MMIO path (power service, cross-IP doorbells); ps_ane_sys and the foreign registers are unreachable on Linux	trace evt 2846/2854/2884; ADT dapf-instance-0; fwload.c:130-152
7	pmgr-SET-window	+0x0, +0x30/+0x34/+0x38 = 0x80000000; +0x2dc = 0xf0040305	written	never (external-abort class from Linux)	low (unknown semantics)	+0x0 was applied once without effect on boot; never tested for speed	trace evt 15, 334-507, 2930; findings section 6
8	pmgr-ps-ane_sys_mpm	0x28e084000	kept off (0x300) under load	on (always-on in the DT)	low	power form, not a clock	findings section 16
9	venc-root-ps, venc-leaf-ps	0x2902803e0, 0x290288000	cycled, then off	not touched by 603c79b	none	VENC rails are off on macOS during ANE use	trace evt 1063-1201; findings section 17
10	dart-ane0/1/2	DIAG_LOCK 0x210; ERROR_DISABLE=0xffffffff; DISABLE_STREAMS	written at init/power-down	ERROR_MASK=0, no DIAG_LOCK	none	error reporting and teardown only	trace evt 2843, 2917-2922
