block	writes	reads	first_evt	last_evt	phases	vs_fw_start_and_first_job	linux_same/diff/none	registers=values (trace order)
pmgr-SET-window	11	not traced	15	2930	pre-bringup,power-down	before fw start (none traced); before first job (none traced)	none:11	ane_SET+0x0=0x80000000; ane_SET+0x30=0x80000000/0x80000000/0x80000000; ane_SET+0x34=0x80000000/0x80000000/0x80000000; ane_SET+0x38=0x80000000/0x80000000/0x80000000; ane_SET+0x2dc=0xf0040305
pmgr-ps-fabric(afi,afnc0)	12	not traced	18	106	pre-bringup	before fw start (none traced); before first job (none traced)	same:12	ps_afi=0xf0000ff/0xf0000ff/0x1f0000ff; ps_afnc0_ioa=0xf0000ff/0xf0000ff/0x1f0000ff; ps_afnc0_ls=0xf0000ff/0xf0000ff/0x1f0000ff; ps_afnc0_lw0=0xf0000ff/0xf0000ff/0x1f0000ff
venc-root-ps	5	not traced	1063	1201	pre-bringup	before fw start (none traced); before first job (none traced)	diff:4 same:1	ps_venc_sys=0xf000000/0xf00000f/0x1f00000f/0xf0000ff/0xf0003f0
venc-leaf-ps	4	not traced	1066	1199	pre-bringup	before fw start (none traced); before first job (none traced)	diff:3 same:1	ps_venc_dma=0x0/0xf/0x1000000f/0x3f0
pmgr-ps-ane_sys/ane_cpu	7	not traced	2813	2932	ane_sys-power-up,ane_cpu-on,power-down	before fw start (none traced); before first job (none traced)	diff:3 same:4	ps_ane_sys=0xf000000/0xf00000f/0x1f00000f/0xf0000ff/0xf0003f0; ps_ane_cpu=0xf00000f/0x0
engine-low(AXI2AF bridge)	26	not traced	2816	2841	af-bridge	before fw start (none traced); before first job (none traced)	diff:2 none:24	ENG_TUN_000(P-1a)=0x11; eng+0xc=0xd; eng+0x10=0xc; eng+0x14=0x1; eng+0x18=0x1; eng+0x1c=0x3; eng+0x20=0x3; eng+0x24=0x3; eng+0x28=0x3; eng+0x2c=0x3; eng+0x30=0x3; eng+0x34=0x3; eng+0x108=0x11; eng+0x10c=0xd; eng+0x110=0xc; eng+0x114=0x1; eng+0x118=0x1; eng+0x11c=0x3; eng+0x120=0x3; eng+0x124=0x3; eng+0x128=0x3; eng+0x12c=0x3; eng+0x130=0x3; eng+0x134=0x3; ENG_TUN_400(P-1d)=0xc0f10010; eng+0xa00=0x1ffffff
dart-ane0(LLT)	12	not traced	2843	2918	dart-init	before fw start (none traced); before first job (none traced)	diff:5 none:2 same:5	DIAG_LOCK=0x0; TCR[0]=0x9; TTBR[0]=0x0/0x10047a59; TCR[15]=0x2; TTBR[15]=0x0; TLB_OP=0x0; ERROR_DISABLE=0x0/0xffffffff; ENABLE_STREAMS[0]=0x0/0x1; DISABLE_STREAMS[0]=0x1
dart-ane1(BRD)	34	not traced	2851	2920	dart-init	before fw start (none traced); before first job (none traced)	diff:5 none:24 same:5	DIAG_LOCK=0x0; TCR[0]=0x9; TTBR[0]=0x0/0x10047a59; TCR[15]=0x2; TTBR[15]=0x0; TLB_OP=0x0; dart+0x20c=0xe40000ff; dart+0x220=0xf0f0f; dart+0x224=0x80808; dart+0x300=0x1; dart+0x308=0x10000000; dart+0x310=0x3fffffff; UNK_TUNABLES[0]=0x60000; UNK_TUNABLES[1]=0x60000; UNK_TUNABLES[2]=0x30040; UNK_TUNABLES[3]=0x30040; UNK_TUNABLES[4]=0x30040; UNK_TUNABLES[5]=0x10048; UNK_TUNABLES[6]=0x10048; UNK_TUNABLES[7]=0x10048; UNK_TUNABLES[8]=0x10048; UNK_TUNABLES[9]=0x10048; UNK_TUNABLES[10]=0x10048; UNK_TUNABLES[11]=0x10048; UNK_TUNABLES[12]=0x10048; UNK_TUNABLES[13]=0x10048; UNK_TUNABLES[14]=0x10048; UNK_TUNABLES[15]=0x10048; ERROR_DISABLE=0x0/0xffffffff; ENABLE_STREAMS[0]=0x0/0x1; DISABLE_STREAMS[0]=0x1
dart-ane2(BWR)	34	not traced	2881	2922	dart-init	before fw start (none traced); before first job (none traced)	diff:5 none:24 same:5	DIAG_LOCK=0x0; TCR[0]=0x9; TTBR[0]=0x0/0x10047a59; TCR[15]=0x2; TTBR[15]=0x0; TLB_OP=0x0; dart+0x20c=0xe40000ff; dart+0x220=0xf0f0f; dart+0x224=0x80808; dart+0x300=0x1; dart+0x308=0x10000000; dart+0x310=0x3fffffff; UNK_TUNABLES[0]=0x60000; UNK_TUNABLES[1]=0x60000; UNK_TUNABLES[2]=0x10040; UNK_TUNABLES[3]=0x10040; UNK_TUNABLES[4]=0x10040; UNK_TUNABLES[5]=0x10040; UNK_TUNABLES[6]=0x10040; UNK_TUNABLES[7]=0x10040; UNK_TUNABLES[8]=0x10040; UNK_TUNABLES[9]=0x10040; UNK_TUNABLES[10]=0x10040; UNK_TUNABLES[11]=0x10040; UNK_TUNABLES[12]=0x10040; UNK_TUNABLES[13]=0x10040; UNK_TUNABLES[14]=0x10040; UNK_TUNABLES[15]=0x10040; ERROR_DISABLE=0x0/0xffffffff; ENABLE_STREAMS[0]=0x0/0x1; DISABLE_STREAMS[0]=0x1
pmgr-ps-ane-islands	6	not traced	2923	2928	power-down	before fw start (none traced); before first job (none traced)	diff:6	ps_ane_set4=0x0; ps_ane_set3=0x0; ps_ane_set2=0x0; ps_ane_set1=0x0; ps_ane_base=0x0; ps_ane_td=0x0
asc-wrapper	0	not traced	-	-	-	traced window, no write	-	-
rvbar	0	not traced	-	-	-	traced window, no write	-	-
scratch	0	not traced	-	-	-	traced window, no write	-	-
non-ANE pmgr/east ps words (ISP, i2c6, ...)	2927	not traced	-	3170	after ANE power-down	receipt m2hv-diff-tool: 3075 MMIO events minus the 148 MMIO rows here	-	raw trace-135.log not on this host
PMGR-HOOK events (ps_afi and hooked UART0/ATC parents)	33	60	-	-	-	receipt: 96 hook events (36 W, 60 R); 3 ps_afi W are in this table	-	raw log needed for the 60 reads
