evt	width	addr	value	block	phase	register	linux	flags
15	W32	0x28e08c000	0x80000000	pmgr-SET-window	pre-bringup	ane_SET+0x0	none	set-win
18	W32	0x28e080100	0x0f0000ff	pmgr-ps-fabric(afi,afnc0)	pre-bringup	ps_afi	same	hook
20	W32	0x28e080100	0x0f0000ff	pmgr-ps-fabric(afi,afnc0)	pre-bringup	ps_afi	same	hook
22	W32	0x28e080100	0x1f0000ff	pmgr-ps-fabric(afi,afnc0)	pre-bringup	ps_afi	same	hook
77	W32	0x28e0801e8	0x0f0000ff	pmgr-ps-fabric(afi,afnc0)	pre-bringup	ps_afnc0_ioa	same	-
78	W32	0x28e0801e8	0x0f0000ff	pmgr-ps-fabric(afi,afnc0)	pre-bringup	ps_afnc0_ioa	same	-
79	W32	0x28e0801e8	0x1f0000ff	pmgr-ps-fabric(afi,afnc0)	pre-bringup	ps_afnc0_ioa	same	-
89	W32	0x28e0801f8	0x0f0000ff	pmgr-ps-fabric(afi,afnc0)	pre-bringup	ps_afnc0_ls	same	-
90	W32	0x28e0801f8	0x0f0000ff	pmgr-ps-fabric(afi,afnc0)	pre-bringup	ps_afnc0_ls	same	-
91	W32	0x28e0801f8	0x1f0000ff	pmgr-ps-fabric(afi,afnc0)	pre-bringup	ps_afnc0_ls	same	-
104	W32	0x28e080218	0x0f0000ff	pmgr-ps-fabric(afi,afnc0)	pre-bringup	ps_afnc0_lw0	same	-
105	W32	0x28e080218	0x0f0000ff	pmgr-ps-fabric(afi,afnc0)	pre-bringup	ps_afnc0_lw0	same	-
106	W32	0x28e080218	0x1f0000ff	pmgr-ps-fabric(afi,afnc0)	pre-bringup	ps_afnc0_lw0	same	-
334	W32	0x28e08c030	0x80000000	pmgr-SET-window	pre-bringup	ane_SET+0x30	none	set-win
335	W32	0x28e08c034	0x80000000	pmgr-SET-window	pre-bringup	ane_SET+0x34	none	set-win
336	W32	0x28e08c038	0x80000000	pmgr-SET-window	pre-bringup	ane_SET+0x38	none	set-win
501	W32	0x28e08c030	0x80000000	pmgr-SET-window	pre-bringup	ane_SET+0x30	none	set-win
502	W32	0x28e08c034	0x80000000	pmgr-SET-window	pre-bringup	ane_SET+0x34	none	set-win
503	W32	0x28e08c038	0x80000000	pmgr-SET-window	pre-bringup	ane_SET+0x38	none	set-win
505	W32	0x28e08c030	0x80000000	pmgr-SET-window	pre-bringup	ane_SET+0x30	none	set-win
506	W32	0x28e08c034	0x80000000	pmgr-SET-window	pre-bringup	ane_SET+0x34	none	set-win
507	W32	0x28e08c038	0x80000000	pmgr-SET-window	pre-bringup	ane_SET+0x38	none	set-win
1063	W32	0x2902803e0	0x0f000000	venc-root-ps	pre-bringup	ps_venc_sys	diff	ps-off
1064	W32	0x2902803e0	0x0f00000f	venc-root-ps	pre-bringup	ps_venc_sys	diff	-
1065	W32	0x2902803e0	0x1f00000f	venc-root-ps	pre-bringup	ps_venc_sys	same	-
1066	W32	0x290288000	0x00000000	venc-leaf-ps	pre-bringup	ps_venc_dma	diff	ps-off
1067	W32	0x290288000	0x0000000f	venc-leaf-ps	pre-bringup	ps_venc_dma	diff	-
1068	W32	0x290288000	0x1000000f	venc-leaf-ps	pre-bringup	ps_venc_dma	same	-
1199	W32	0x290288000	0x000003f0	venc-leaf-ps	pre-bringup	ps_venc_dma	diff	ps-off
1200	W32	0x2902803e0	0x0f0000ff	venc-root-ps	pre-bringup	ps_venc_sys	diff	-
1201	W32	0x2902803e0	0x0f0003f0	venc-root-ps	pre-bringup	ps_venc_sys	diff	ps-off
2813	W32	0x28e080260	0x0f000000	pmgr-ps-ane_sys/ane_cpu	ane_sys-power-up	ps_ane_sys	diff	ps-off
2814	W32	0x28e080260	0x0f00000f	pmgr-ps-ane_sys/ane_cpu	ane_sys-power-up	ps_ane_sys	same	-
2815	W32	0x28e080260	0x1f00000f	pmgr-ps-ane_sys/ane_cpu	ane_sys-power-up	ps_ane_sys	same	-
2816	W32	0x284000000	0x00000011	engine-low(AXI2AF bridge)	af-bridge	ENG_TUN_000(P-1a)	diff	-
2817	W32	0x28400000c	0x0000000d	engine-low(AXI2AF bridge)	af-bridge	eng+0xc	none	-
2818	W32	0x284000010	0x0000000c	engine-low(AXI2AF bridge)	af-bridge	eng+0x10	none	-
2819	W32	0x284000014	0x00000001	engine-low(AXI2AF bridge)	af-bridge	eng+0x14	none	-
2820	W32	0x284000018	0x00000001	engine-low(AXI2AF bridge)	af-bridge	eng+0x18	none	-
2821	W32	0x28400001c	0x00000003	engine-low(AXI2AF bridge)	af-bridge	eng+0x1c	none	-
2822	W32	0x284000020	0x00000003	engine-low(AXI2AF bridge)	af-bridge	eng+0x20	none	-
2823	W32	0x284000024	0x00000003	engine-low(AXI2AF bridge)	af-bridge	eng+0x24	none	-
2824	W32	0x284000028	0x00000003	engine-low(AXI2AF bridge)	af-bridge	eng+0x28	none	-
2825	W32	0x28400002c	0x00000003	engine-low(AXI2AF bridge)	af-bridge	eng+0x2c	none	-
2826	W32	0x284000030	0x00000003	engine-low(AXI2AF bridge)	af-bridge	eng+0x30	none	-
2827	W32	0x284000034	0x00000003	engine-low(AXI2AF bridge)	af-bridge	eng+0x34	none	-
2828	W32	0x284000108	0x00000011	engine-low(AXI2AF bridge)	af-bridge	eng+0x108	none	-
2829	W32	0x28400010c	0x0000000d	engine-low(AXI2AF bridge)	af-bridge	eng+0x10c	none	-
2830	W32	0x284000110	0x0000000c	engine-low(AXI2AF bridge)	af-bridge	eng+0x110	none	-
2831	W32	0x284000114	0x00000001	engine-low(AXI2AF bridge)	af-bridge	eng+0x114	none	-
2832	W32	0x284000118	0x00000001	engine-low(AXI2AF bridge)	af-bridge	eng+0x118	none	-
2833	W32	0x28400011c	0x00000003	engine-low(AXI2AF bridge)	af-bridge	eng+0x11c	none	-
2834	W32	0x284000120	0x00000003	engine-low(AXI2AF bridge)	af-bridge	eng+0x120	none	-
2835	W32	0x284000124	0x00000003	engine-low(AXI2AF bridge)	af-bridge	eng+0x124	none	-
2836	W32	0x284000128	0x00000003	engine-low(AXI2AF bridge)	af-bridge	eng+0x128	none	-
2837	W32	0x28400012c	0x00000003	engine-low(AXI2AF bridge)	af-bridge	eng+0x12c	none	-
2838	W32	0x284000130	0x00000003	engine-low(AXI2AF bridge)	af-bridge	eng+0x130	none	-
2839	W32	0x284000134	0x00000003	engine-low(AXI2AF bridge)	af-bridge	eng+0x134	none	-
2840	W32	0x284000400	0xc0f10010	engine-low(AXI2AF bridge)	af-bridge	ENG_TUN_400(P-1d)	diff	-
2841	W32	0x284000a00	0x01ffffff	engine-low(AXI2AF bridge)	af-bridge	eng+0xa00	none	-
2842	W32	0x28e0802e0	0x0f00000f	pmgr-ps-ane_sys/ane_cpu	ane_cpu-on	ps_ane_cpu	same	-
2843	W32	0x285800210	0x00000000	dart-ane0(LLT)	dart-init	DIAG_LOCK	none	-
2844	W32	0x285801000	0x00000009	dart-ane0(LLT)	dart-init	TCR[0]	same	-
2845	W32	0x285801400	0x00000000	dart-ane0(LLT)	dart-init	TTBR[0]	same	-
2846	W32	0x28580103c	0x00000002	dart-ane0(LLT)	dart-init	TCR[15]	diff	-
2847	W32	0x28580143c	0x00000000	dart-ane0(LLT)	dart-init	TTBR[15]	same	-
2848	W32	0x285800080	0x00000000	dart-ane0(LLT)	dart-init	TLB_OP	diff	-
2849	W32	0x285800104	0x00000000	dart-ane0(LLT)	dart-init	ERROR_DISABLE	same	-
2850	W32	0x285800c00	0x00000000	dart-ane0(LLT)	dart-init	ENABLE_STREAMS[0]	diff	-
2851	W32	0x285810210	0x00000000	dart-ane1(BRD)	dart-init	DIAG_LOCK	none	-
2852	W32	0x285811000	0x00000009	dart-ane1(BRD)	dart-init	TCR[0]	same	-
2853	W32	0x285811400	0x00000000	dart-ane1(BRD)	dart-init	TTBR[0]	same	-
2854	W32	0x28581103c	0x00000002	dart-ane1(BRD)	dart-init	TCR[15]	diff	-
2855	W32	0x28581143c	0x00000000	dart-ane1(BRD)	dart-init	TTBR[15]	same	-
2856	W32	0x285810080	0x00000000	dart-ane1(BRD)	dart-init	TLB_OP	diff	-
2857	W32	0x28581020c	0xe40000ff	dart-ane1(BRD)	dart-init	dart+0x20c	none	-
2858	W32	0x285810220	0x000f0f0f	dart-ane1(BRD)	dart-init	dart+0x220	none	-
2859	W32	0x285810224	0x00080808	dart-ane1(BRD)	dart-init	dart+0x224	none	-
2860	W32	0x285810300	0x00000001	dart-ane1(BRD)	dart-init	dart+0x300	none	-
2861	W32	0x285810308	0x10000000	dart-ane1(BRD)	dart-init	dart+0x308	none	-
2862	W32	0x285810310	0x3fffffff	dart-ane1(BRD)	dart-init	dart+0x310	none	-
2863	W32	0x285810800	0x00060000	dart-ane1(BRD)	dart-init	UNK_TUNABLES[0]	none	-
2864	W32	0x285810804	0x00060000	dart-ane1(BRD)	dart-init	UNK_TUNABLES[1]	none	-
2865	W32	0x285810808	0x00030040	dart-ane1(BRD)	dart-init	UNK_TUNABLES[2]	none	-
2866	W32	0x28581080c	0x00030040	dart-ane1(BRD)	dart-init	UNK_TUNABLES[3]	none	-
2867	W32	0x285810810	0x00030040	dart-ane1(BRD)	dart-init	UNK_TUNABLES[4]	none	-
2868	W32	0x285810814	0x00010048	dart-ane1(BRD)	dart-init	UNK_TUNABLES[5]	none	-
2869	W32	0x285810818	0x00010048	dart-ane1(BRD)	dart-init	UNK_TUNABLES[6]	none	-
2870	W32	0x28581081c	0x00010048	dart-ane1(BRD)	dart-init	UNK_TUNABLES[7]	none	-
2871	W32	0x285810820	0x00010048	dart-ane1(BRD)	dart-init	UNK_TUNABLES[8]	none	-
2872	W32	0x285810824	0x00010048	dart-ane1(BRD)	dart-init	UNK_TUNABLES[9]	none	-
2873	W32	0x285810828	0x00010048	dart-ane1(BRD)	dart-init	UNK_TUNABLES[10]	none	-
2874	W32	0x28581082c	0x00010048	dart-ane1(BRD)	dart-init	UNK_TUNABLES[11]	none	-
2875	W32	0x285810830	0x00010048	dart-ane1(BRD)	dart-init	UNK_TUNABLES[12]	none	-
2876	W32	0x285810834	0x00010048	dart-ane1(BRD)	dart-init	UNK_TUNABLES[13]	none	-
2877	W32	0x285810838	0x00010048	dart-ane1(BRD)	dart-init	UNK_TUNABLES[14]	none	-
2878	W32	0x28581083c	0x00010048	dart-ane1(BRD)	dart-init	UNK_TUNABLES[15]	none	-
2879	W32	0x285810104	0x00000000	dart-ane1(BRD)	dart-init	ERROR_DISABLE	same	-
2880	W32	0x285810c00	0x00000000	dart-ane1(BRD)	dart-init	ENABLE_STREAMS[0]	diff	-
2881	W32	0x285820210	0x00000000	dart-ane2(BWR)	dart-init	DIAG_LOCK	none	-
2882	W32	0x285821000	0x00000009	dart-ane2(BWR)	dart-init	TCR[0]	same	-
2883	W32	0x285821400	0x00000000	dart-ane2(BWR)	dart-init	TTBR[0]	same	-
2884	W32	0x28582103c	0x00000002	dart-ane2(BWR)	dart-init	TCR[15]	diff	-
2885	W32	0x28582143c	0x00000000	dart-ane2(BWR)	dart-init	TTBR[15]	same	-
2886	W32	0x285820080	0x00000000	dart-ane2(BWR)	dart-init	TLB_OP	diff	-
2887	W32	0x28582020c	0xe40000ff	dart-ane2(BWR)	dart-init	dart+0x20c	none	-
2888	W32	0x285820220	0x000f0f0f	dart-ane2(BWR)	dart-init	dart+0x220	none	-
2889	W32	0x285820224	0x00080808	dart-ane2(BWR)	dart-init	dart+0x224	none	-
2890	W32	0x285820300	0x00000001	dart-ane2(BWR)	dart-init	dart+0x300	none	-
2891	W32	0x285820308	0x10000000	dart-ane2(BWR)	dart-init	dart+0x308	none	-
2892	W32	0x285820310	0x3fffffff	dart-ane2(BWR)	dart-init	dart+0x310	none	-
2893	W32	0x285820800	0x00060000	dart-ane2(BWR)	dart-init	UNK_TUNABLES[0]	none	-
2894	W32	0x285820804	0x00060000	dart-ane2(BWR)	dart-init	UNK_TUNABLES[1]	none	-
2895	W32	0x285820808	0x00010040	dart-ane2(BWR)	dart-init	UNK_TUNABLES[2]	none	-
2896	W32	0x28582080c	0x00010040	dart-ane2(BWR)	dart-init	UNK_TUNABLES[3]	none	-
2897	W32	0x285820810	0x00010040	dart-ane2(BWR)	dart-init	UNK_TUNABLES[4]	none	-
2898	W32	0x285820814	0x00010040	dart-ane2(BWR)	dart-init	UNK_TUNABLES[5]	none	-
2899	W32	0x285820818	0x00010040	dart-ane2(BWR)	dart-init	UNK_TUNABLES[6]	none	-
2900	W32	0x28582081c	0x00010040	dart-ane2(BWR)	dart-init	UNK_TUNABLES[7]	none	-
2901	W32	0x285820820	0x00010040	dart-ane2(BWR)	dart-init	UNK_TUNABLES[8]	none	-
2902	W32	0x285820824	0x00010040	dart-ane2(BWR)	dart-init	UNK_TUNABLES[9]	none	-
2903	W32	0x285820828	0x00010040	dart-ane2(BWR)	dart-init	UNK_TUNABLES[10]	none	-
2904	W32	0x28582082c	0x00010040	dart-ane2(BWR)	dart-init	UNK_TUNABLES[11]	none	-
2905	W32	0x285820830	0x00010040	dart-ane2(BWR)	dart-init	UNK_TUNABLES[12]	none	-
2906	W32	0x285820834	0x00010040	dart-ane2(BWR)	dart-init	UNK_TUNABLES[13]	none	-
2907	W32	0x285820838	0x00010040	dart-ane2(BWR)	dart-init	UNK_TUNABLES[14]	none	-
2908	W32	0x28582083c	0x00010040	dart-ane2(BWR)	dart-init	UNK_TUNABLES[15]	none	-
2909	W32	0x285820104	0x00000000	dart-ane2(BWR)	dart-init	ERROR_DISABLE	same	-
2910	W32	0x285820c00	0x00000000	dart-ane2(BWR)	dart-init	ENABLE_STREAMS[0]	diff	-
2911	W32	0x285801400	0x10047a59	dart-ane0(LLT)	dart-init	TTBR[0]	same	-
2912	W32	0x285811400	0x10047a59	dart-ane1(BRD)	dart-init	TTBR[0]	same	-
2913	W32	0x285821400	0x10047a59	dart-ane2(BWR)	dart-init	TTBR[0]	same	-
2914	W32	0x285800c00	0x00000001	dart-ane0(LLT)	dart-init	ENABLE_STREAMS[0]	diff	-
2915	W32	0x285810c00	0x00000001	dart-ane1(BRD)	dart-init	ENABLE_STREAMS[0]	diff	-
2916	W32	0x285820c00	0x00000001	dart-ane2(BWR)	dart-init	ENABLE_STREAMS[0]	diff	-
2917	W32	0x285800c20	0x00000001	dart-ane0(LLT)	dart-init	DISABLE_STREAMS[0]	none	-
2918	W32	0x285800104	0xffffffff	dart-ane0(LLT)	dart-init	ERROR_DISABLE	diff	-
2919	W32	0x285810c20	0x00000001	dart-ane1(BRD)	dart-init	DISABLE_STREAMS[0]	none	-
2920	W32	0x285810104	0xffffffff	dart-ane1(BRD)	dart-init	ERROR_DISABLE	diff	-
2921	W32	0x285820c20	0x00000001	dart-ane2(BWR)	dart-init	DISABLE_STREAMS[0]	none	-
2922	W32	0x285820104	0xffffffff	dart-ane2(BWR)	dart-init	ERROR_DISABLE	diff	-
2923	W32	0x28e084030	0x00000000	pmgr-ps-ane-islands	power-down	ps_ane_set4	diff	ps-off
2924	W32	0x28e084028	0x00000000	pmgr-ps-ane-islands	power-down	ps_ane_set3	diff	ps-off
2925	W32	0x28e084020	0x00000000	pmgr-ps-ane-islands	power-down	ps_ane_set2	diff	ps-off
2926	W32	0x28e084018	0x00000000	pmgr-ps-ane-islands	power-down	ps_ane_set1	diff	ps-off
2927	W32	0x28e084010	0x00000000	pmgr-ps-ane-islands	power-down	ps_ane_base	diff	ps-off
2928	W32	0x28e084008	0x00000000	pmgr-ps-ane-islands	power-down	ps_ane_td	diff	ps-off
2929	W32	0x28e0802e0	0x00000000	pmgr-ps-ane_sys/ane_cpu	power-down	ps_ane_cpu	diff	ps-off
2930	W32	0x28e08c2dc	0xf0040305	pmgr-SET-window	power-down	ane_SET+0x2dc	none	set-win
2931	W32	0x28e080260	0x0f0000ff	pmgr-ps-ane_sys/ane_cpu	power-down	ps_ane_sys	same	-
2932	W32	0x28e080260	0x0f0003f0	pmgr-ps-ane_sys/ane_cpu	power-down	ps_ane_sys	diff	ps-off
