01	254.353	254.566	0.25 0.00 10 949.75	golden max_abs=0 relL2=0 exact=1	fca96f1355485ec3
02	254.373	254.506	0.19 0.00 30 984.62	golden max_abs=0 relL2=0 exact=1	fca96f1355485ec3
03	254.355	254.486	0.25 0.00 0 989.47	golden max_abs=0 relL2=0 exact=1	fca96f1355485ec3
04	254.390	254.540	0.31 0.00 0 994.31	golden max_abs=0 relL2=0 exact=1	fca96f1355485ec3
05	254.353	254.539	0.22 0.00 30 1029.14	golden max_abs=0 relL2=0 exact=1	fca96f1355485ec3
06	254.382	254.489	0.28 0.00 0 1033.92	golden max_abs=0 relL2=0 exact=1	fca96f1355485ec3
07	254.388	254.511	0.34 0.00 0 1038.76	golden max_abs=0 relL2=0 exact=1	fca96f1355485ec3
08	254.387	254.522	0.24 0.00 30 1073.60	golden max_abs=0 relL2=0 exact=1	fca96f1355485ec3
09	254.361	254.459	0.30 0.00 0 1078.45	golden max_abs=0 relL2=0 exact=1	fca96f1355485ec3
10	254.349	254.484	0.21 0.00 30 1113.26	golden max_abs=0 relL2=0 exact=1	fca96f1355485ec3
11	254.370	254.497	0.17 0.00 30 1148.09	golden max_abs=0 relL2=0 exact=1	fca96f1355485ec3
12	254.373	254.507	0.23 0.00 0 1152.90	golden max_abs=0 relL2=0 exact=1	fca96f1355485ec3
13	254.356	254.529	0.29 0.00 0 1157.74	golden max_abs=0 relL2=0 exact=1	fca96f1355485ec3
14	254.402	254.557	0.35 0.00 0 1162.55	golden max_abs=0 relL2=0 exact=1	fca96f1355485ec3
15	254.368	254.559	0.24 0.00 30 1197.41	golden max_abs=0 relL2=0 exact=1	fca96f1355485ec3
16	254.379	254.507	0.30 0.00 0 1202.21	golden max_abs=0 relL2=0 exact=1	fca96f1355485ec3
17	254.359	254.554	0.36 0.00 0 1207.02	golden max_abs=0 relL2=0 exact=1	fca96f1355485ec3
18	254.361	254.569	0.41 0.00 0 1211.80	golden max_abs=0 relL2=0 exact=1	fca96f1355485ec3
19	254.372	254.492	0.28 0.00 30 1246.61	golden max_abs=0 relL2=0 exact=1	fca96f1355485ec3
20	254.387	254.451	0.34 0.00 0 1251.43	golden max_abs=0 relL2=0 exact=1	fca96f1355485ec3
